-- MySQL dump 10.13  Distrib 8.0.19, for Win64 (x86_64)
--
-- Host: localhost    Database: greengroves
-- ------------------------------------------------------
-- Server version	8.0.36

/*!40101 SET @OLD_CHARACTER_SET_CLIENT=@@CHARACTER_SET_CLIENT */;
/*!40101 SET @OLD_CHARACTER_SET_RESULTS=@@CHARACTER_SET_RESULTS */;
/*!40101 SET @OLD_COLLATION_CONNECTION=@@COLLATION_CONNECTION */;
/*!50503 SET NAMES utf8mb4 */;
/*!40103 SET @OLD_TIME_ZONE=@@TIME_ZONE */;
/*!40103 SET TIME_ZONE='+00:00' */;
/*!40014 SET @OLD_UNIQUE_CHECKS=@@UNIQUE_CHECKS, UNIQUE_CHECKS=0 */;
/*!40014 SET @OLD_FOREIGN_KEY_CHECKS=@@FOREIGN_KEY_CHECKS, FOREIGN_KEY_CHECKS=0 */;
/*!40101 SET @OLD_SQL_MODE=@@SQL_MODE, SQL_MODE='NO_AUTO_VALUE_ON_ZERO' */;
/*!40111 SET @OLD_SQL_NOTES=@@SQL_NOTES, SQL_NOTES=0 */;

--
-- Table structure for table `cache`
--

DROP TABLE IF EXISTS `cache`;
/*!40101 SET @saved_cs_client     = @@character_set_client */;
/*!50503 SET character_set_client = utf8mb4 */;
CREATE TABLE `cache` (
  `key` varchar(255) CHARACTER SET utf8mb4 COLLATE utf8mb4_unicode_ci NOT NULL,
  `value` mediumtext CHARACTER SET utf8mb4 COLLATE utf8mb4_unicode_ci NOT NULL,
  `expiration` int NOT NULL,
  PRIMARY KEY (`key`)
) ENGINE=InnoDB DEFAULT CHARSET=utf8mb4 COLLATE=utf8mb4_unicode_ci;
/*!40101 SET character_set_client = @saved_cs_client */;

--
-- Dumping data for table `cache`
--

LOCK TABLES `cache` WRITE;
/*!40000 ALTER TABLE `cache` DISABLE KEYS */;
INSERT INTO `cache` VALUES ('356a192b7913b04c54574d18c28d46e6395428ab','i:1;',1721211664),('356a192b7913b04c54574d18c28d46e6395428ab:timer','i:1721211664;',1721211664),('da4b9237bacccdf19c0760cab7aec4a8359010b0','i:3;',1721243014),('da4b9237bacccdf19c0760cab7aec4a8359010b0:timer','i:1721243014;',1721243014);
/*!40000 ALTER TABLE `cache` ENABLE KEYS */;
UNLOCK TABLES;

--
-- Table structure for table `cache_locks`
--

DROP TABLE IF EXISTS `cache_locks`;
/*!40101 SET @saved_cs_client     = @@character_set_client */;
/*!50503 SET character_set_client = utf8mb4 */;
CREATE TABLE `cache_locks` (
  `key` varchar(255) CHARACTER SET utf8mb4 COLLATE utf8mb4_unicode_ci NOT NULL,
  `owner` varchar(255) CHARACTER SET utf8mb4 COLLATE utf8mb4_unicode_ci NOT NULL,
  `expiration` int NOT NULL,
  PRIMARY KEY (`key`)
) ENGINE=InnoDB DEFAULT CHARSET=utf8mb4 COLLATE=utf8mb4_unicode_ci;
/*!40101 SET character_set_client = @saved_cs_client */;

--
-- Dumping data for table `cache_locks`
--

LOCK TABLES `cache_locks` WRITE;
/*!40000 ALTER TABLE `cache_locks` DISABLE KEYS */;
/*!40000 ALTER TABLE `cache_locks` ENABLE KEYS */;
UNLOCK TABLES;

--
-- Table structure for table `categories`
--

DROP TABLE IF EXISTS `categories`;
/*!40101 SET @saved_cs_client     = @@character_set_client */;
/*!50503 SET character_set_client = utf8mb4 */;
CREATE TABLE `categories` (
  `id` bigint unsigned NOT NULL AUTO_INCREMENT,
  `name` varchar(255) CHARACTER SET utf8mb4 COLLATE utf8mb4_unicode_ci NOT NULL,
  `parent_id` bigint unsigned DEFAULT NULL,
  `created_at` timestamp NULL DEFAULT NULL,
  `updated_at` timestamp NULL DEFAULT NULL,
  PRIMARY KEY (`id`),
  KEY `categories_parent_id_foreign` (`parent_id`),
  CONSTRAINT `categories_parent_id_foreign` FOREIGN KEY (`parent_id`) REFERENCES `categories` (`id`) ON DELETE CASCADE
) ENGINE=InnoDB AUTO_INCREMENT=26 DEFAULT CHARSET=utf8mb4 COLLATE=utf8mb4_unicode_ci;
/*!40101 SET character_set_client = @saved_cs_client */;

--
-- Dumping data for table `categories`
--

LOCK TABLES `categories` WRITE;
/*!40000 ALTER TABLE `categories` DISABLE KEYS */;
INSERT INTO `categories` VALUES (1,'Pots and Containers',NULL,'2024-07-12 08:03:36','2024-07-12 08:03:36'),(2,'Books',NULL,'2024-07-12 08:03:36','2024-07-12 08:03:36'),(3,'Gardening Tools',NULL,'2024-07-12 08:03:36','2024-07-12 08:03:36'),(4,'Pots',1,'2024-07-12 08:03:36','2024-07-12 08:03:36'),(5,'Containers',1,'2024-07-12 08:03:36','2024-07-12 08:03:36'),(6,'Digging Tools',3,'2024-07-12 08:03:36','2024-07-12 08:03:36'),(7,'Pruning Tools',3,'2024-07-12 08:03:36','2024-07-12 08:03:36'),(8,'Watering Tools',3,'2024-07-12 08:03:36','2024-07-12 08:03:36'),(9,'Spraying Tools',3,'2024-07-12 08:03:36','2024-07-12 08:03:36'),(10,'Cleaning and Maintenance Tools',3,'2024-07-12 08:03:36','2024-07-12 08:03:36'),(11,'Soil and Fertilizers',NULL,'2024-07-16 21:39:42','2024-07-16 21:39:42'),(12,'Soil',11,'2024-07-16 21:39:58','2024-07-16 21:39:58'),(13,'Fertilizers',11,'2024-07-16 21:40:28','2024-07-16 21:40:28'),(14,'Seeds',NULL,'2024-07-16 21:42:22','2024-07-16 21:42:22'),(15,'Vegetables',14,'2024-07-16 21:43:09','2024-07-16 21:43:09'),(16,'Fruit',14,'2024-07-16 21:43:24','2024-07-16 21:43:24'),(17,'Herbs and Species',14,'2024-07-16 21:44:37','2024-07-16 21:44:37'),(18,'Flowering Plant',14,'2024-07-16 21:45:08','2024-07-16 21:45:08'),(19,'Pestisides',NULL,'2024-07-16 21:56:21','2024-07-16 21:56:21'),(20,'Organic Pestisides',19,'2024-07-16 21:56:35','2024-07-16 21:56:35'),(21,'Chemical Pestisides',19,'2024-07-16 21:56:58','2024-07-16 21:56:58'),(22,'Natural Pesticides',19,'2024-07-16 21:57:10','2024-07-16 21:57:10'),(23,'Garden Decor',NULL,'2024-07-16 21:58:38','2024-07-16 21:58:38'),(24,'Mini Garden Toys',23,'2024-07-16 21:59:34','2024-07-16 21:59:34'),(25,'Decorative Pebbles',23,'2024-07-16 22:00:09','2024-07-16 22:00:09');
/*!40000 ALTER TABLE `categories` ENABLE KEYS */;
UNLOCK TABLES;

--
-- Table structure for table `email_notifications`
--

DROP TABLE IF EXISTS `email_notifications`;
/*!40101 SET @saved_cs_client     = @@character_set_client */;
/*!50503 SET character_set_client = utf8mb4 */;
CREATE TABLE `email_notifications` (
  `id` bigint unsigned NOT NULL AUTO_INCREMENT,
  `name` varchar(255) CHARACTER SET utf8mb4 COLLATE utf8mb4_unicode_ci DEFAULT NULL,
  `email` varchar(255) CHARACTER SET utf8mb4 COLLATE utf8mb4_unicode_ci DEFAULT NULL,
  `phone` varchar(255) CHARACTER SET utf8mb4 COLLATE utf8mb4_unicode_ci DEFAULT NULL,
  `message` text CHARACTER SET utf8mb4 COLLATE utf8mb4_unicode_ci,
  `created_at` timestamp NULL DEFAULT NULL,
  `updated_at` timestamp NULL DEFAULT NULL,
  PRIMARY KEY (`id`)
) ENGINE=InnoDB DEFAULT CHARSET=utf8mb4 COLLATE=utf8mb4_unicode_ci;
/*!40101 SET character_set_client = @saved_cs_client */;

--
-- Dumping data for table `email_notifications`
--

LOCK TABLES `email_notifications` WRITE;
/*!40000 ALTER TABLE `email_notifications` DISABLE KEYS */;
/*!40000 ALTER TABLE `email_notifications` ENABLE KEYS */;
UNLOCK TABLES;

--
-- Table structure for table `failed_jobs`
--

DROP TABLE IF EXISTS `failed_jobs`;
/*!40101 SET @saved_cs_client     = @@character_set_client */;
/*!50503 SET character_set_client = utf8mb4 */;
CREATE TABLE `failed_jobs` (
  `id` bigint unsigned NOT NULL AUTO_INCREMENT,
  `uuid` varchar(255) CHARACTER SET utf8mb4 COLLATE utf8mb4_unicode_ci NOT NULL,
  `connection` text CHARACTER SET utf8mb4 COLLATE utf8mb4_unicode_ci NOT NULL,
  `queue` text CHARACTER SET utf8mb4 COLLATE utf8mb4_unicode_ci NOT NULL,
  `payload` longtext CHARACTER SET utf8mb4 COLLATE utf8mb4_unicode_ci NOT NULL,
  `exception` longtext CHARACTER SET utf8mb4 COLLATE utf8mb4_unicode_ci NOT NULL,
  `failed_at` timestamp NOT NULL DEFAULT CURRENT_TIMESTAMP,
  PRIMARY KEY (`id`),
  UNIQUE KEY `failed_jobs_uuid_unique` (`uuid`)
) ENGINE=InnoDB DEFAULT CHARSET=utf8mb4 COLLATE=utf8mb4_unicode_ci;
/*!40101 SET character_set_client = @saved_cs_client */;

--
-- Dumping data for table `failed_jobs`
--

LOCK TABLES `failed_jobs` WRITE;
/*!40000 ALTER TABLE `failed_jobs` DISABLE KEYS */;
/*!40000 ALTER TABLE `failed_jobs` ENABLE KEYS */;
UNLOCK TABLES;

--
-- Table structure for table `images`
--

DROP TABLE IF EXISTS `images`;
/*!40101 SET @saved_cs_client     = @@character_set_client */;
/*!50503 SET character_set_client = utf8mb4 */;
CREATE TABLE `images` (
  `id` bigint unsigned NOT NULL AUTO_INCREMENT,
  `title` varchar(255) CHARACTER SET utf8mb4 COLLATE utf8mb4_unicode_ci DEFAULT NULL,
  `description` varchar(255) CHARACTER SET utf8mb4 COLLATE utf8mb4_unicode_ci DEFAULT NULL,
  `path` varchar(255) CHARACTER SET utf8mb4 COLLATE utf8mb4_unicode_ci NOT NULL,
  `type` varchar(255) CHARACTER SET utf8mb4 COLLATE utf8mb4_unicode_ci NOT NULL,
  `created_at` timestamp NULL DEFAULT NULL,
  `updated_at` timestamp NULL DEFAULT NULL,
  PRIMARY KEY (`id`)
) ENGINE=InnoDB AUTO_INCREMENT=23 DEFAULT CHARSET=utf8mb4 COLLATE=utf8mb4_unicode_ci;
/*!40101 SET character_set_client = @saved_cs_client */;

--
-- Dumping data for table `images`
--

LOCK TABLES `images` WRITE;
/*!40000 ALTER TABLE `images` DISABLE KEYS */;
INSERT INTO `images` VALUES (3,'about_1','About_section_1','assets/images/1720501084_about1.jpg','About','2024-07-08 07:58:05','2024-07-08 07:58:05'),(4,'about_2','About_section_1','assets/images/1720501186_about2.jpg','About','2024-07-08 07:59:46','2024-07-08 07:59:46'),(5,'about_3','About_section_1','assets/images/1720501200_about3.jpg','About','2024-07-08 08:00:00','2024-07-08 08:00:00'),(6,'about_4','About_section_1','assets/images/1720501210_about4.jpg','About','2024-07-08 08:00:10','2024-07-08 08:00:10'),(7,'about_5','About_section_1','assets/images/1720501223_about5.jpg','About','2024-07-08 08:00:23','2024-07-08 08:00:23'),(8,'about_1','About_section_2','assets/images/1720501256_about6.jpg','About','2024-07-08 08:00:56','2024-07-08 08:00:56'),(9,'about_2','About_section_2','assets/images/1720501268_about7.jpg','About','2024-07-08 08:01:08','2024-07-08 10:17:28'),(10,'about_3','About_section_2','assets/images/1720501280_about8.jpg','About','2024-07-08 08:01:20','2024-07-08 08:01:20'),(11,'about_1','About_section_3','assets/images/1720515995_GardenGate_Mendocino_66acb59b-3a04-44bf-874a-53e4e329dcee_900x.jpg','About','2024-07-08 08:01:36','2024-07-08 12:06:35'),(12,'about_2','About_section_3','assets/images/1720515473_shutterstock_649766830.jpg','About','2024-07-08 08:01:47','2024-07-08 11:57:53'),(13,'about_1','About_section_4','assets/images/1720501318_about11.jpg','About','2024-07-08 08:01:58','2024-07-08 08:01:58'),(15,'about_2','About_section_4','assets/images/1720501417_about12.jpg','About','2024-07-08 08:03:37','2024-07-08 08:03:37'),(17,'about_3','About_section_4','assets/images/1720501870_beautiful-rooftop-garden-5.jpg','About','2024-07-08 08:11:10','2024-07-08 08:11:10'),(18,'slide-1','slide dau tien','assets/images/1721242798_a1.jpg','slide','2024-07-17 11:59:58','2024-07-17 11:59:58'),(19,'slide-2','slide thu hai','assets/images/1721242828_a2.jpg','slide','2024-07-17 12:00:28','2024-07-17 12:00:28'),(20,'slide-3','slide thu 3','assets/images/1721242955_a3.jpg','slide','2024-07-17 12:02:35','2024-07-17 12:02:35'),(21,'slide-4','slide thu tu','assets/images/1721242974_a4.jpg','slide','2024-07-17 12:02:54','2024-07-17 12:02:54'),(22,'slide-5','slide thu nam','assets/images/1721242988_a5.jpg','slide','2024-07-17 12:03:08','2024-07-17 12:03:08');
/*!40000 ALTER TABLE `images` ENABLE KEYS */;
UNLOCK TABLES;

--
-- Table structure for table `job_batches`
--

DROP TABLE IF EXISTS `job_batches`;
/*!40101 SET @saved_cs_client     = @@character_set_client */;
/*!50503 SET character_set_client = utf8mb4 */;
CREATE TABLE `job_batches` (
  `id` varchar(255) CHARACTER SET utf8mb4 COLLATE utf8mb4_unicode_ci NOT NULL,
  `name` varchar(255) CHARACTER SET utf8mb4 COLLATE utf8mb4_unicode_ci NOT NULL,
  `total_jobs` int NOT NULL,
  `pending_jobs` int NOT NULL,
  `failed_jobs` int NOT NULL,
  `failed_job_ids` longtext CHARACTER SET utf8mb4 COLLATE utf8mb4_unicode_ci NOT NULL,
  `options` mediumtext CHARACTER SET utf8mb4 COLLATE utf8mb4_unicode_ci,
  `cancelled_at` int DEFAULT NULL,
  `created_at` int NOT NULL,
  `finished_at` int DEFAULT NULL,
  PRIMARY KEY (`id`)
) ENGINE=InnoDB DEFAULT CHARSET=utf8mb4 COLLATE=utf8mb4_unicode_ci;
/*!40101 SET character_set_client = @saved_cs_client */;

--
-- Dumping data for table `job_batches`
--

LOCK TABLES `job_batches` WRITE;
/*!40000 ALTER TABLE `job_batches` DISABLE KEYS */;
/*!40000 ALTER TABLE `job_batches` ENABLE KEYS */;
UNLOCK TABLES;

--
-- Table structure for table `jobs`
--

DROP TABLE IF EXISTS `jobs`;
/*!40101 SET @saved_cs_client     = @@character_set_client */;
/*!50503 SET character_set_client = utf8mb4 */;
CREATE TABLE `jobs` (
  `id` bigint unsigned NOT NULL AUTO_INCREMENT,
  `queue` varchar(255) CHARACTER SET utf8mb4 COLLATE utf8mb4_unicode_ci NOT NULL,
  `payload` longtext CHARACTER SET utf8mb4 COLLATE utf8mb4_unicode_ci NOT NULL,
  `attempts` tinyint unsigned NOT NULL,
  `reserved_at` int unsigned DEFAULT NULL,
  `available_at` int unsigned NOT NULL,
  `created_at` int unsigned NOT NULL,
  PRIMARY KEY (`id`),
  KEY `jobs_queue_index` (`queue`)
) ENGINE=InnoDB DEFAULT CHARSET=utf8mb4 COLLATE=utf8mb4_unicode_ci;
/*!40101 SET character_set_client = @saved_cs_client */;

--
-- Dumping data for table `jobs`
--

LOCK TABLES `jobs` WRITE;
/*!40000 ALTER TABLE `jobs` DISABLE KEYS */;
/*!40000 ALTER TABLE `jobs` ENABLE KEYS */;
UNLOCK TABLES;

--
-- Table structure for table `migrations`
--

DROP TABLE IF EXISTS `migrations`;
/*!40101 SET @saved_cs_client     = @@character_set_client */;
/*!50503 SET character_set_client = utf8mb4 */;
CREATE TABLE `migrations` (
  `id` int unsigned NOT NULL AUTO_INCREMENT,
  `migration` varchar(255) CHARACTER SET utf8mb4 COLLATE utf8mb4_unicode_ci NOT NULL,
  `batch` int NOT NULL,
  PRIMARY KEY (`id`)
) ENGINE=InnoDB AUTO_INCREMENT=17 DEFAULT CHARSET=utf8mb4 COLLATE=utf8mb4_unicode_ci;
/*!40101 SET character_set_client = @saved_cs_client */;

--
-- Dumping data for table `migrations`
--

LOCK TABLES `migrations` WRITE;
/*!40000 ALTER TABLE `migrations` DISABLE KEYS */;
INSERT INTO `migrations` VALUES (1,'0001_01_01_000000_create_users_table',1),(2,'0001_01_01_000001_create_cache_table',1),(3,'0001_01_01_000002_create_jobs_table',1),(4,'2024_06_26_130555_create_categories_table',1),(5,'2024_06_26_130556_create_products_table',1),(6,'2024_06_26_130709_create_product_variants_table',1),(7,'2024_06_26_130855_create_product_images_table',1),(8,'2024_06_26_130902_create_variants_table',1),(9,'2024_06_26_130910_create_variant_options_table',1),(10,'2024_06_26_130917_create_sub_variants_table',1),(11,'2024_06_26_130926_create_orders_table',1),(12,'2024_06_26_130929_create_order_details_table',1),(13,'2024_06_26_130946_create_images_table',1),(14,'2024_06_26_130950_create_videos_table',1),(15,'2024_06_26_130956_create_news_table',1),(16,'2024_07_05_132829_create_email_notifications_table',1);
/*!40000 ALTER TABLE `migrations` ENABLE KEYS */;
UNLOCK TABLES;

--
-- Table structure for table `news`
--

DROP TABLE IF EXISTS `news`;
/*!40101 SET @saved_cs_client     = @@character_set_client */;
/*!50503 SET character_set_client = utf8mb4 */;
CREATE TABLE `news` (
  `id` bigint unsigned NOT NULL AUTO_INCREMENT,
  `title` varchar(255) CHARACTER SET utf8mb4 COLLATE utf8mb4_unicode_ci DEFAULT NULL,
  `description` varchar(255) CHARACTER SET utf8mb4 COLLATE utf8mb4_unicode_ci NOT NULL,
  `path` varchar(255) CHARACTER SET utf8mb4 COLLATE utf8mb4_unicode_ci NOT NULL,
  `created_at` timestamp NULL DEFAULT NULL,
  `updated_at` timestamp NULL DEFAULT NULL,
  PRIMARY KEY (`id`)
) ENGINE=InnoDB DEFAULT CHARSET=utf8mb4 COLLATE=utf8mb4_unicode_ci;
/*!40101 SET character_set_client = @saved_cs_client */;

--
-- Dumping data for table `news`
--

LOCK TABLES `news` WRITE;
/*!40000 ALTER TABLE `news` DISABLE KEYS */;
/*!40000 ALTER TABLE `news` ENABLE KEYS */;
UNLOCK TABLES;

--
-- Table structure for table `order_details`
--

DROP TABLE IF EXISTS `order_details`;
/*!40101 SET @saved_cs_client     = @@character_set_client */;
/*!50503 SET character_set_client = utf8mb4 */;
CREATE TABLE `order_details` (
  `id` bigint unsigned NOT NULL AUTO_INCREMENT,
  `order_id` bigint unsigned NOT NULL,
  `product_variant_id` bigint unsigned NOT NULL,
  `quantity` int NOT NULL,
  `price` decimal(10,2) NOT NULL,
  `total` decimal(10,2) NOT NULL,
  `created_at` timestamp NULL DEFAULT NULL,
  `updated_at` timestamp NULL DEFAULT NULL,
  PRIMARY KEY (`id`),
  KEY `order_details_order_id_foreign` (`order_id`),
  KEY `order_details_product_variant_id_foreign` (`product_variant_id`),
  CONSTRAINT `order_details_order_id_foreign` FOREIGN KEY (`order_id`) REFERENCES `orders` (`id`) ON DELETE CASCADE,
  CONSTRAINT `order_details_product_variant_id_foreign` FOREIGN KEY (`product_variant_id`) REFERENCES `product_variants` (`id`) ON DELETE CASCADE
) ENGINE=InnoDB AUTO_INCREMENT=11 DEFAULT CHARSET=utf8mb4 COLLATE=utf8mb4_unicode_ci;
/*!40101 SET character_set_client = @saved_cs_client */;

--
-- Dumping data for table `order_details`
--

LOCK TABLES `order_details` WRITE;
/*!40000 ALTER TABLE `order_details` DISABLE KEYS */;
INSERT INTO `order_details` VALUES (1,1,16,1,5.99,5.99,'2024-07-17 12:06:34','2024-07-17 12:06:34'),(2,1,20,1,8.99,8.99,'2024-07-17 12:06:34','2024-07-17 12:06:34'),(3,1,24,1,6.99,6.99,'2024-07-17 12:06:34','2024-07-17 12:06:34'),(4,1,125,1,89.99,89.99,'2024-07-17 12:06:34','2024-07-17 12:06:34'),(5,1,351,1,10.99,10.99,'2024-07-17 12:06:34','2024-07-17 12:06:34'),(6,1,352,1,18.99,18.99,'2024-07-17 12:06:34','2024-07-17 12:06:34'),(7,1,369,1,14.99,14.99,'2024-07-17 12:06:34','2024-07-17 12:06:34'),(8,1,25,1,6.99,6.99,'2024-07-17 12:06:34','2024-07-17 12:06:34'),(9,1,21,1,9.99,9.99,'2024-07-17 12:06:34','2024-07-17 12:06:34'),(10,1,32,1,24.99,24.99,'2024-07-17 12:06:34','2024-07-17 12:06:34');
/*!40000 ALTER TABLE `order_details` ENABLE KEYS */;
UNLOCK TABLES;

--
-- Table structure for table `orders`
--

DROP TABLE IF EXISTS `orders`;
/*!40101 SET @saved_cs_client     = @@character_set_client */;
/*!50503 SET character_set_client = utf8mb4 */;
CREATE TABLE `orders` (
  `id` bigint unsigned NOT NULL AUTO_INCREMENT,
  `user_id` bigint unsigned NOT NULL,
  `phone` varchar(255) CHARACTER SET utf8mb4 COLLATE utf8mb4_unicode_ci NOT NULL,
  `address` varchar(255) CHARACTER SET utf8mb4 COLLATE utf8mb4_unicode_ci NOT NULL,
  `total` decimal(10,2) NOT NULL,
  `delivery_fee` decimal(10,2) NOT NULL DEFAULT '0.00',
  `name` varchar(255) CHARACTER SET utf8mb4 COLLATE utf8mb4_unicode_ci DEFAULT NULL,
  `note` varchar(255) CHARACTER SET utf8mb4 COLLATE utf8mb4_unicode_ci DEFAULT NULL,
  `street` varchar(255) CHARACTER SET utf8mb4 COLLATE utf8mb4_unicode_ci DEFAULT NULL,
  `city` varchar(255) CHARACTER SET utf8mb4 COLLATE utf8mb4_unicode_ci DEFAULT NULL,
  `created_at` timestamp NULL DEFAULT NULL,
  `updated_at` timestamp NULL DEFAULT NULL,
  PRIMARY KEY (`id`),
  KEY `orders_user_id_foreign` (`user_id`),
  CONSTRAINT `orders_user_id_foreign` FOREIGN KEY (`user_id`) REFERENCES `users` (`id`) ON DELETE CASCADE
) ENGINE=InnoDB AUTO_INCREMENT=2 DEFAULT CHARSET=utf8mb4 COLLATE=utf8mb4_unicode_ci;
/*!40101 SET character_set_client = @saved_cs_client */;

--
-- Dumping data for table `orders`
--

LOCK TABLES `orders` WRITE;
/*!40000 ALTER TABLE `orders` DISABLE KEYS */;
INSERT INTO `orders` VALUES (1,2,'0924600804','626',198.90,0.00,'Do Dung Quang Minh','asdasdsad','Doi Can','Ha Noi','2024-07-17 12:06:34','2024-07-17 12:06:34');
/*!40000 ALTER TABLE `orders` ENABLE KEYS */;
UNLOCK TABLES;

--
-- Table structure for table `password_reset_tokens`
--

DROP TABLE IF EXISTS `password_reset_tokens`;
/*!40101 SET @saved_cs_client     = @@character_set_client */;
/*!50503 SET character_set_client = utf8mb4 */;
CREATE TABLE `password_reset_tokens` (
  `email` varchar(255) CHARACTER SET utf8mb4 COLLATE utf8mb4_unicode_ci NOT NULL,
  `token` varchar(255) CHARACTER SET utf8mb4 COLLATE utf8mb4_unicode_ci NOT NULL,
  `created_at` timestamp NULL DEFAULT NULL,
  PRIMARY KEY (`email`)
) ENGINE=InnoDB DEFAULT CHARSET=utf8mb4 COLLATE=utf8mb4_unicode_ci;
/*!40101 SET character_set_client = @saved_cs_client */;

--
-- Dumping data for table `password_reset_tokens`
--

LOCK TABLES `password_reset_tokens` WRITE;
/*!40000 ALTER TABLE `password_reset_tokens` DISABLE KEYS */;
/*!40000 ALTER TABLE `password_reset_tokens` ENABLE KEYS */;
UNLOCK TABLES;

--
-- Table structure for table `product_images`
--

DROP TABLE IF EXISTS `product_images`;
/*!40101 SET @saved_cs_client     = @@character_set_client */;
/*!50503 SET character_set_client = utf8mb4 */;
CREATE TABLE `product_images` (
  `id` bigint unsigned NOT NULL AUTO_INCREMENT,
  `path` varchar(255) CHARACTER SET utf8mb4 COLLATE utf8mb4_unicode_ci NOT NULL,
  `product_id` bigint unsigned NOT NULL,
  `created_at` timestamp NULL DEFAULT NULL,
  `updated_at` timestamp NULL DEFAULT NULL,
  PRIMARY KEY (`id`),
  KEY `product_images_product_id_foreign` (`product_id`),
  CONSTRAINT `product_images_product_id_foreign` FOREIGN KEY (`product_id`) REFERENCES `products` (`id`) ON DELETE CASCADE
) ENGINE=InnoDB AUTO_INCREMENT=298 DEFAULT CHARSET=utf8mb4 COLLATE=utf8mb4_unicode_ci;
/*!40101 SET character_set_client = @saved_cs_client */;

--
-- Dumping data for table `product_images`
--

LOCK TABLES `product_images` WRITE;
/*!40000 ALTER TABLE `product_images` DISABLE KEYS */;
INSERT INTO `product_images` VALUES (1,'assets/images/1721186545_containers_metal_1_7.jpg',42,'2024-07-16 20:22:25','2024-07-16 20:22:25'),(2,'assets/images/1721186545_containers_metal_3_6.jpg',42,'2024-07-16 20:22:25','2024-07-16 20:22:25'),(3,'assets/images/1721186545_containers_metal_1_5.jpg',42,'2024-07-16 20:22:25','2024-07-16 20:22:25'),(4,'assets/images/1721186878_silver_1.jpg',43,'2024-07-16 20:27:58','2024-07-16 20:27:58'),(5,'assets/images/1721187181_Concrete_1.jpg',44,'2024-07-16 20:33:01','2024-07-16 20:33:01'),(6,'assets/images/1721187349_resin_1.jpg',45,'2024-07-16 20:35:49','2024-07-16 20:35:49'),(7,'assets/images/1721187554_NaturalSeaweed_3.jpg',46,'2024-07-16 20:39:14','2024-07-16 20:39:14'),(8,'assets/images/1721187554_NaturalSeaweed_2.jpg',46,'2024-07-16 20:39:14','2024-07-16 20:39:14'),(9,'assets/images/1721187554_NaturalSeaweed_1.jpg',46,'2024-07-16 20:39:14','2024-07-16 20:39:14'),(10,'assets/images/1721187727_Polypropylene_3.jpg',47,'2024-07-16 20:42:07','2024-07-16 20:42:07'),(11,'assets/images/1721187727_Polypropylene_2.jpg',47,'2024-07-16 20:42:07','2024-07-16 20:42:07'),(12,'assets/images/1721187727_Polypropylene_1.jpg',47,'2024-07-16 20:42:07','2024-07-16 20:42:07'),(13,'assets/images/1721187940_resin_2_3.jpg',48,'2024-07-16 20:45:40','2024-07-16 20:45:40'),(14,'assets/images/1721187940_resin_2_2.jpg',48,'2024-07-16 20:45:40','2024-07-16 20:45:40'),(15,'assets/images/1721187940_resin_2_1.jpg',48,'2024-07-16 20:45:40','2024-07-16 20:45:40'),(19,'assets/images/1721188237_dia_3.jpg',50,'2024-07-16 20:50:37','2024-07-16 20:50:37'),(20,'assets/images/1721188237_dia_2.jpg',50,'2024-07-16 20:50:37','2024-07-16 20:50:37'),(21,'assets/images/1721188237_dia_1.jpg',50,'2024-07-16 20:50:37','2024-07-16 20:50:37'),(22,'assets/images/1721188298_pots_plastic_1_3.jpg',1,'2024-07-16 20:51:38','2024-07-16 20:51:38'),(23,'assets/images/1721188298_pots_plastic_1_2.jpg',1,'2024-07-16 20:51:38','2024-07-16 20:51:38'),(24,'assets/images/1721188298_pots_plastic_1_1.jpg',1,'2024-07-16 20:51:38','2024-07-16 20:51:38'),(25,'assets/images/1721188409_pots_clay_2_1.jpg',2,'2024-07-16 20:53:29','2024-07-16 20:53:29'),(26,'assets/images/1721188409_pots_clay_2_2.jpg',2,'2024-07-16 20:53:29','2024-07-16 20:53:29'),(27,'assets/images/1721188409_pots_clay_2_3.jpg',2,'2024-07-16 20:53:29','2024-07-16 20:53:29'),(28,'assets/images/1721188458_pots_ceramic_1_3.jpg',3,'2024-07-16 20:54:18','2024-07-16 20:54:18'),(29,'assets/images/1721188458_pots_ceramic_1_2.jpg',3,'2024-07-16 20:54:18','2024-07-16 20:54:18'),(30,'assets/images/1721188458_pots_ceramic_1_1.jpg',3,'2024-07-16 20:54:18','2024-07-16 20:54:18'),(31,'assets/images/1721188492_containers_plastic_1_3.jpg',4,'2024-07-16 20:54:52','2024-07-16 20:54:52'),(32,'assets/images/1721188492_containers_plastic_1_2.jpg',4,'2024-07-16 20:54:52','2024-07-16 20:54:52'),(33,'assets/images/1721188492_containers_plastic_1_1.jpg',4,'2024-07-16 20:54:52','2024-07-16 20:54:52'),(34,'assets/images/1721188516_containers_wood_1_3.jpg',5,'2024-07-16 20:55:16','2024-07-16 20:55:16'),(35,'assets/images/1721188516_containers_wood_1_2.jpg',5,'2024-07-16 20:55:16','2024-07-16 20:55:16'),(36,'assets/images/1721188516_containers_wood_1_1.jpg',5,'2024-07-16 20:55:16','2024-07-16 20:55:16'),(37,'assets/images/1721188542_containers_metal_1_3.jpg',6,'2024-07-16 20:55:42','2024-07-16 20:55:42'),(38,'assets/images/1721188542_containers_metal_1_2.jpg',6,'2024-07-16 20:55:42','2024-07-16 20:55:42'),(39,'assets/images/1721188542_containers_metal_1_1.jpg',6,'2024-07-16 20:55:42','2024-07-16 20:55:42'),(40,'assets/images/1721188597_book_1_1.jpg',7,'2024-07-16 20:56:37','2024-07-16 20:56:37'),(41,'assets/images/1721188597_book_1_2.jpg',7,'2024-07-16 20:56:37','2024-07-16 20:56:37'),(42,'assets/images/1721188597_book_1_3.jpg',7,'2024-07-16 20:56:37','2024-07-16 20:56:37'),(46,'assets/images/1721189232_book_2_3.jpg',8,'2024-07-16 21:07:12','2024-07-16 21:07:12'),(47,'assets/images/1721189312_book_3_1.jpg',9,'2024-07-16 21:08:32','2024-07-16 21:08:32'),(48,'assets/images/1721189329_book_4_1.jpg',10,'2024-07-16 21:08:49','2024-07-16 21:08:49'),(49,'assets/images/1721189358_book_5_1.jpg',11,'2024-07-16 21:09:18','2024-07-16 21:09:18'),(50,'assets/images/1721189377_book_6_1.jpg',12,'2024-07-16 21:09:37','2024-07-16 21:09:37'),(51,'assets/images/1721189397_book_7_1.jpg',13,'2024-07-16 21:09:57','2024-07-16 21:09:57'),(52,'assets/images/1721189419_book_8_1.jpg',14,'2024-07-16 21:10:19','2024-07-16 21:10:19'),(53,'assets/images/1721189432_book_9_1.jpg',15,'2024-07-16 21:10:32','2024-07-16 21:10:32'),(54,'assets/images/1721189503_book_10.jpg',16,'2024-07-16 21:11:43','2024-07-16 21:11:43'),(55,'assets/images/1721189702_shovel_2_3.jpg',17,'2024-07-16 21:15:02','2024-07-16 21:15:02'),(56,'assets/images/1721189702_shovel_2_2.jpg',17,'2024-07-16 21:15:02','2024-07-16 21:15:02'),(57,'assets/images/1721189702_shovel_2_1.jpg',17,'2024-07-16 21:15:02','2024-07-16 21:15:02'),(58,'assets/images/1721189735_trowel_3_1.jpg',18,'2024-07-16 21:15:35','2024-07-16 21:15:35'),(59,'assets/images/1721189735_trowel_2_1.jpg',18,'2024-07-16 21:15:35','2024-07-16 21:15:35'),(60,'assets/images/1721189735_trowel_1_1.jpg',18,'2024-07-16 21:15:35','2024-07-16 21:15:35'),(61,'assets/images/1721189766_hoe_1_3.jpg',19,'2024-07-16 21:16:06','2024-07-16 21:16:06'),(62,'assets/images/1721189766_hoe_1_2.jpg',19,'2024-07-16 21:16:06','2024-07-16 21:16:06'),(63,'assets/images/1721189766_hoe_1.jpg',19,'2024-07-16 21:16:06','2024-07-16 21:16:06'),(64,'assets/images/1721189871_bulb_1_1.jpg',20,'2024-07-16 21:17:51','2024-07-16 21:17:51'),(65,'assets/images/1721189900_fork_3_1.jpg',21,'2024-07-16 21:18:20','2024-07-16 21:18:20'),(66,'assets/images/1721189900_fork_2_9.jpg',21,'2024-07-16 21:18:20','2024-07-16 21:18:20'),(67,'assets/images/1721189900_fork_1_10.jpg',21,'2024-07-16 21:18:20','2024-07-16 21:18:20'),(68,'assets/images/1721189923_prunningShears_1_6.jpg',22,'2024-07-16 21:18:43','2024-07-16 21:18:43'),(69,'assets/images/1721189923_prunningShears_2_5.jpg',22,'2024-07-16 21:18:43','2024-07-16 21:18:43'),(70,'assets/images/1721189923_prunningShears_1_5.jpg',22,'2024-07-16 21:18:43','2024-07-16 21:18:43'),(74,'assets/images/1721189966_loppingShears_1_10.jpg',23,'2024-07-16 21:19:26','2024-07-16 21:19:26'),(75,'assets/images/1721189966_loppingShears_1_9.jpg',23,'2024-07-16 21:19:26','2024-07-16 21:19:26'),(76,'assets/images/1721189966_loppingShears_1_8.jpg',23,'2024-07-16 21:19:26','2024-07-16 21:19:26'),(77,'assets/images/1721190151_trimmer_1_1.jpg',24,'2024-07-16 21:22:31','2024-07-16 21:22:31'),(78,'assets/images/1721190176_pruningSaw_3_1.jpg',25,'2024-07-16 21:22:56','2024-07-16 21:22:56'),(79,'assets/images/1721190176_pruningSaw_3_10.jpg',25,'2024-07-16 21:22:56','2024-07-16 21:22:56'),(80,'assets/images/1721190176_pruningSaw_3_8.jpg',25,'2024-07-16 21:22:56','2024-07-16 21:22:56'),(81,'assets/images/1721190213_scissors_1_3.jpg',26,'2024-07-16 21:23:33','2024-07-16 21:23:33'),(82,'assets/images/1721190213_scissors_1_2.jpg',26,'2024-07-16 21:23:33','2024-07-16 21:23:33'),(83,'assets/images/1721190213_scissors_1_1.jpg',26,'2024-07-16 21:23:33','2024-07-16 21:23:33'),(84,'assets/images/1721190252_hose_1_1.jpg',27,'2024-07-16 21:24:12','2024-07-16 21:24:12'),(85,'assets/images/1721190274_wateringCan_1_3.jpg',28,'2024-07-16 21:24:34','2024-07-16 21:24:34'),(86,'assets/images/1721190274_wateringCan_1_2.jpg',28,'2024-07-16 21:24:34','2024-07-16 21:24:34'),(87,'assets/images/1721190274_wateringCan_1_1.jpg',28,'2024-07-16 21:24:34','2024-07-16 21:24:34'),(88,'assets/images/1721190293_springkler_1_1.jpg',29,'2024-07-16 21:24:53','2024-07-16 21:24:53'),(89,'assets/images/1721190314_soakerHose_1_3.jpg',30,'2024-07-16 21:25:14','2024-07-16 21:25:14'),(90,'assets/images/1721190314_soakerHose_1_2.jpg',30,'2024-07-16 21:25:14','2024-07-16 21:25:14'),(91,'assets/images/1721190314_soakerHose_1_1.jpg',30,'2024-07-16 21:25:14','2024-07-16 21:25:14'),(92,'assets/images/1721190327_wand_1_1.jpg',31,'2024-07-16 21:25:27','2024-07-16 21:25:27'),(96,'assets/images/1721190400_handSprayer_3_1.jpg',32,'2024-07-16 21:26:40','2024-07-16 21:26:40'),(97,'assets/images/1721190400_handSprayer_3_8.jpg',32,'2024-07-16 21:26:40','2024-07-16 21:26:40'),(98,'assets/images/1721190400_handSprayer_3_7.jpg',32,'2024-07-16 21:26:40','2024-07-16 21:26:40'),(99,'assets/images/1721190417_backSprayer_1_1.jpg',33,'2024-07-16 21:26:57','2024-07-16 21:26:57'),(100,'assets/images/1721190417_backSprayer_1_2.jpg',33,'2024-07-16 21:26:57','2024-07-16 21:26:57'),(101,'assets/images/1721190417_backSprayer_1_3.jpg',33,'2024-07-16 21:26:57','2024-07-16 21:26:57'),(102,'assets/images/1721190439_pumpSprayer_3_1.jpg',34,'2024-07-16 21:27:19','2024-07-16 21:27:19'),(103,'assets/images/1721190439_pumpSprayer_3_10.jpg',34,'2024-07-16 21:27:19','2024-07-16 21:27:19'),(104,'assets/images/1721190439_pumpSprayer_3_8.jpg',34,'2024-07-16 21:27:19','2024-07-16 21:27:19'),(105,'assets/images/1721190465_electricSprayer_3_1.jpg',35,'2024-07-16 21:27:45','2024-07-16 21:27:45'),(106,'assets/images/1721190465_electricSprayer_3_10.jpg',35,'2024-07-16 21:27:45','2024-07-16 21:27:45'),(107,'assets/images/1721190465_electricSprayer_3_8.jpg',35,'2024-07-16 21:27:45','2024-07-16 21:27:45'),(108,'assets/images/1721190488_sprayBottle_1_3.jpg',36,'2024-07-16 21:28:08','2024-07-16 21:28:08'),(109,'assets/images/1721190488_sprayBottle_1_2.jpg',36,'2024-07-16 21:28:08','2024-07-16 21:28:08'),(110,'assets/images/1721190488_sprayBottle_1_1.jpg',36,'2024-07-16 21:28:08','2024-07-16 21:28:08'),(111,'assets/images/1721190636_rake_3_4.jpg',37,'2024-07-16 21:30:36','2024-07-16 21:30:36'),(112,'assets/images/1721190636_rake_3_2.jpg',37,'2024-07-16 21:30:36','2024-07-16 21:30:36'),(113,'assets/images/1721190636_rake_3_9.jpg',37,'2024-07-16 21:30:36','2024-07-16 21:30:36'),(114,'assets/images/1721190674_blower_1_1.jpg',38,'2024-07-16 21:31:14','2024-07-16 21:31:14'),(115,'assets/images/1721190692_broom_1_1.jpg',39,'2024-07-16 21:31:32','2024-07-16 21:31:32'),(116,'assets/images/1721190692_broom_1_2.jpg',39,'2024-07-16 21:31:32','2024-07-16 21:31:32'),(117,'assets/images/1721190692_broom_1_3.jpg',39,'2024-07-16 21:31:32','2024-07-16 21:31:32'),(118,'assets/images/1721190713_brush_1_1.jpg',40,'2024-07-16 21:31:53','2024-07-16 21:31:53'),(119,'assets/images/1721190713_brush_1_2.jpg',40,'2024-07-16 21:31:53','2024-07-16 21:31:53'),(120,'assets/images/1721190713_brush_1_3.jpg',40,'2024-07-16 21:31:53','2024-07-16 21:31:53'),(121,'assets/images/1721190737_wheelbarrow_1_1.jpg',41,'2024-07-16 21:32:17','2024-07-16 21:32:17'),(122,'assets/images/1721190737_wheelbarrow_1_2.jpg',41,'2024-07-16 21:32:17','2024-07-16 21:32:17'),(123,'assets/images/1721190737_wheelbarrow_1_3.jpg',41,'2024-07-16 21:32:17','2024-07-16 21:32:17'),(124,'assets/images/1721193346_soil_1.jpg',51,'2024-07-16 22:15:46','2024-07-16 22:15:46'),(125,'assets/images/1721193622_soil_2.jpg',52,'2024-07-16 22:20:22','2024-07-16 22:20:22'),(126,'assets/images/1721193729_soil_3.jpg',53,'2024-07-16 22:22:09','2024-07-16 22:22:09'),(127,'assets/images/1721195111_soil_4.jpg',54,'2024-07-16 22:45:11','2024-07-16 22:45:11'),(128,'assets/images/1721195161_soil_5.jpg',55,'2024-07-16 22:46:01','2024-07-16 22:46:01'),(129,'assets/images/1721195215_soil_6.jpg',56,'2024-07-16 22:46:55','2024-07-16 22:46:55'),(130,'assets/images/1721195294_soil_7.jpg',57,'2024-07-16 22:48:14','2024-07-16 22:48:14'),(131,'assets/images/1721195331_soil_8.jpg',58,'2024-07-16 22:48:51','2024-07-16 22:48:51'),(132,'assets/images/1721195397_fer_1.jpg',59,'2024-07-16 22:49:57','2024-07-16 22:49:57'),(133,'assets/images/1721195457_fer_2.jpg',60,'2024-07-16 22:50:57','2024-07-16 22:50:57'),(134,'assets/images/1721195520_fer_3.jpg',61,'2024-07-16 22:52:00','2024-07-16 22:52:00'),(135,'assets/images/1721195910_fer_4.jpg',62,'2024-07-16 22:58:30','2024-07-16 22:58:30'),(136,'assets/images/1721195950_fer_5.jpg',63,'2024-07-16 22:59:10','2024-07-16 22:59:10'),(137,'assets/images/1721196003_fer_6.jpg',64,'2024-07-16 23:00:03','2024-07-16 23:00:03'),(138,'assets/images/1721196088_fer_7.jpg',65,'2024-07-16 23:01:28','2024-07-16 23:01:28'),(139,'assets/images/1721196138_fer_8.jpg',66,'2024-07-16 23:02:18','2024-07-16 23:02:18'),(140,'assets/images/1721196418_vege_1.jpg',67,'2024-07-16 23:06:58','2024-07-16 23:06:58'),(141,'assets/images/1721196566_vege_2.jpg',68,'2024-07-16 23:09:26','2024-07-16 23:09:26'),(142,'assets/images/1721196774_vege_3.jpg',69,'2024-07-16 23:12:54','2024-07-16 23:12:54'),(143,'assets/images/1721196836_vege_4.jpg',70,'2024-07-16 23:13:56','2024-07-16 23:13:56'),(144,'assets/images/1721196993_vege_5.jpg',71,'2024-07-16 23:16:33','2024-07-16 23:16:33'),(145,'assets/images/1721197053_vege_6.jpg',72,'2024-07-16 23:17:33','2024-07-16 23:17:33'),(146,'assets/images/1721197114_vege_7.jpg',73,'2024-07-16 23:18:34','2024-07-16 23:18:34'),(147,'assets/images/1721197174_vege_8.jpg',74,'2024-07-16 23:19:34','2024-07-16 23:19:34'),(148,'assets/images/1721197695_fruit_1.jpg',75,'2024-07-16 23:28:15','2024-07-16 23:28:15'),(149,'assets/images/1721197763_fruit_2.jpg',76,'2024-07-16 23:29:23','2024-07-16 23:29:23'),(150,'assets/images/1721197814_fruit_3.jpg',77,'2024-07-16 23:30:14','2024-07-16 23:30:14'),(151,'assets/images/1721198023_fruit_4.jpg',78,'2024-07-16 23:33:43','2024-07-16 23:33:43'),(152,'assets/images/1721198436_fruit_5.jpg',79,'2024-07-16 23:40:36','2024-07-16 23:40:36'),(153,'assets/images/1721198482_fruit_6.jpg',80,'2024-07-16 23:41:22','2024-07-16 23:41:22'),(154,'assets/images/1721198525_fruit_7.jpg',81,'2024-07-16 23:42:05','2024-07-16 23:42:05'),(155,'assets/images/1721198583_fruit_8.jpg',82,'2024-07-16 23:43:03','2024-07-16 23:43:03'),(156,'assets/images/1721199503_herb_1.jpg',83,'2024-07-16 23:58:23','2024-07-16 23:58:23'),(157,'assets/images/1721199548_herb_2.jpg',84,'2024-07-16 23:59:08','2024-07-16 23:59:08'),(158,'assets/images/1721199604_herb_3.jpg',85,'2024-07-17 00:00:04','2024-07-17 00:00:04'),(159,'assets/images/1721199645_herb_4.jpg',86,'2024-07-17 00:00:45','2024-07-17 00:00:45'),(160,'assets/images/1721199692_species_1.jpg',87,'2024-07-17 00:01:32','2024-07-17 00:01:32'),(161,'assets/images/1721199752_species_2.jpg',88,'2024-07-17 00:02:32','2024-07-17 00:02:32'),(162,'assets/images/1721199806_species_3.jpg',89,'2024-07-17 00:03:26','2024-07-17 00:03:26'),(163,'assets/images/1721199863_species_4.jpg',90,'2024-07-17 00:04:23','2024-07-17 00:04:23'),(164,'assets/images/1721200720_flower_1.jpg',91,'2024-07-17 00:18:40','2024-07-17 00:18:40'),(165,'assets/images/1721200720_flower_13.jpg',91,'2024-07-17 00:18:40','2024-07-17 00:18:40'),(166,'assets/images/1721200720_flower_12.jpg',91,'2024-07-17 00:18:40','2024-07-17 00:18:40'),(167,'assets/images/1721200792_flower_2.jpg',92,'2024-07-17 00:19:52','2024-07-17 00:19:52'),(168,'assets/images/1721200851_flower_3.jpg',93,'2024-07-17 00:20:51','2024-07-17 00:20:51'),(169,'assets/images/1721201111_flower_4.jpg',94,'2024-07-17 00:25:11','2024-07-17 00:25:11'),(170,'assets/images/1721201111_flower_4_2.jpg',94,'2024-07-17 00:25:11','2024-07-17 00:25:11'),(171,'assets/images/1721201111_flower_4_3.jpg',94,'2024-07-17 00:25:11','2024-07-17 00:25:11'),(172,'assets/images/1721201285_flower_5.jpg',95,'2024-07-17 00:28:05','2024-07-17 00:28:05'),(173,'assets/images/1721201285_flower_5_2.jpg',95,'2024-07-17 00:28:05','2024-07-17 00:28:05'),(176,'assets/images/1721201494_flower_7_2.jpg',97,'2024-07-17 00:31:34','2024-07-17 00:31:34'),(177,'assets/images/1721201494_flower_7.jpg',97,'2024-07-17 00:31:34','2024-07-17 00:31:34'),(179,'assets/images/1721201699_flower_6.jpg',98,'2024-07-17 00:34:59','2024-07-17 00:34:59'),(180,'assets/images/1721201828_flower_6_2.jpg',99,'2024-07-17 00:37:08','2024-07-17 00:37:08'),(181,'assets/images/1721201828_flower_8.jpg',99,'2024-07-17 00:37:08','2024-07-17 00:37:08'),(182,'assets/images/1721202161_organic_1_1.jpg',100,'2024-07-17 00:42:41','2024-07-17 00:42:41'),(183,'assets/images/1721202161_organic_1_2.jpg',100,'2024-07-17 00:42:41','2024-07-17 00:42:41'),(184,'assets/images/1721202161_organic_1_3.jpg',100,'2024-07-17 00:42:41','2024-07-17 00:42:41'),(185,'assets/images/1721202289_organic_2_1.jpg',101,'2024-07-17 00:44:49','2024-07-17 00:44:49'),(186,'assets/images/1721202289_organic_2_2.jpg',101,'2024-07-17 00:44:49','2024-07-17 00:44:49'),(187,'assets/images/1721202289_organic_2_3.jpg',101,'2024-07-17 00:44:49','2024-07-17 00:44:49'),(188,'assets/images/1721202409_organic_3_3.jpg',102,'2024-07-17 00:46:49','2024-07-17 00:46:49'),(189,'assets/images/1721202409_organic_3_2.jpg',102,'2024-07-17 00:46:49','2024-07-17 00:46:49'),(190,'assets/images/1721202409_organic_3_1.jpg',102,'2024-07-17 00:46:49','2024-07-17 00:46:49'),(191,'assets/images/1721202773_organic_4_3.jpg',103,'2024-07-17 00:52:53','2024-07-17 00:52:53'),(192,'assets/images/1721202773_organic_4_2.jpg',103,'2024-07-17 00:52:53','2024-07-17 00:52:53'),(193,'assets/images/1721202773_organic_4_1.jpg',103,'2024-07-17 00:52:53','2024-07-17 00:52:53'),(194,'assets/images/1721202897_organic_5_4.jpg',104,'2024-07-17 00:54:57','2024-07-17 00:54:57'),(195,'assets/images/1721202897_organic_5_3.jpg',104,'2024-07-17 00:54:57','2024-07-17 00:54:57'),(196,'assets/images/1721202897_organic_5_2.jpg',104,'2024-07-17 00:54:57','2024-07-17 00:54:57'),(197,'assets/images/1721202897_organic_5_1.jpg',104,'2024-07-17 00:54:57','2024-07-17 00:54:57'),(198,'assets/images/1721203015_organic_6_4.jpg',105,'2024-07-17 00:56:55','2024-07-17 00:56:55'),(199,'assets/images/1721203015_organic_6_3.jpg',105,'2024-07-17 00:56:55','2024-07-17 00:56:55'),(200,'assets/images/1721203015_organic_6_2.jpg',105,'2024-07-17 00:56:55','2024-07-17 00:56:55'),(201,'assets/images/1721203015_organic_6_1.jpg',105,'2024-07-17 00:56:55','2024-07-17 00:56:55'),(202,'assets/images/1721203215_organic_7_4.jpg',106,'2024-07-17 01:00:15','2024-07-17 01:00:15'),(203,'assets/images/1721203215_organic_7_3.jpg',106,'2024-07-17 01:00:15','2024-07-17 01:00:15'),(204,'assets/images/1721203215_organic_7_2.jpg',106,'2024-07-17 01:00:15','2024-07-17 01:00:15'),(205,'assets/images/1721203215_organic_7_1.jpg',106,'2024-07-17 01:00:15','2024-07-17 01:00:15'),(206,'assets/images/1721203378_organic_8_4.jpg',107,'2024-07-17 01:02:58','2024-07-17 01:02:58'),(207,'assets/images/1721203378_organic_8_3.jpg',107,'2024-07-17 01:02:58','2024-07-17 01:02:58'),(208,'assets/images/1721203378_organic_8_2.jpg',107,'2024-07-17 01:02:58','2024-07-17 01:02:58'),(209,'assets/images/1721203378_organic_8_1.jpg',107,'2024-07-17 01:02:58','2024-07-17 01:02:58'),(210,'assets/images/1721203781_chemical_1_4.jpg',108,'2024-07-17 01:09:41','2024-07-17 01:09:41'),(211,'assets/images/1721203781_chemical_1_3.jpg',108,'2024-07-17 01:09:41','2024-07-17 01:09:41'),(212,'assets/images/1721203781_chemical_1_2.jpg',108,'2024-07-17 01:09:41','2024-07-17 01:09:41'),(213,'assets/images/1721203781_chemical_1_1.jpg',108,'2024-07-17 01:09:41','2024-07-17 01:09:41'),(214,'assets/images/1721203929_chemical_2_4.jpg',109,'2024-07-17 01:12:09','2024-07-17 01:12:09'),(215,'assets/images/1721203929_chemical_2_3.jpg',109,'2024-07-17 01:12:09','2024-07-17 01:12:09'),(216,'assets/images/1721203929_chemical_2_2.jpg',109,'2024-07-17 01:12:09','2024-07-17 01:12:09'),(217,'assets/images/1721203929_chemical_2_1.jpg',109,'2024-07-17 01:12:09','2024-07-17 01:12:09'),(218,'assets/images/1721204120_chemical_3_4.jpg',110,'2024-07-17 01:15:20','2024-07-17 01:15:20'),(219,'assets/images/1721204120_chemical_3_3.jpg',110,'2024-07-17 01:15:20','2024-07-17 01:15:20'),(220,'assets/images/1721204120_chemical_3_2.jpg',110,'2024-07-17 01:15:20','2024-07-17 01:15:20'),(221,'assets/images/1721204120_chemical_3_1.jpg',110,'2024-07-17 01:15:20','2024-07-17 01:15:20'),(222,'assets/images/1721204942_chemical_4_3.jpg',111,'2024-07-17 01:29:02','2024-07-17 01:29:02'),(223,'assets/images/1721204942_chemical_4_2.jpg',111,'2024-07-17 01:29:02','2024-07-17 01:29:02'),(224,'assets/images/1721204942_chemical_4_1.jpg',111,'2024-07-17 01:29:02','2024-07-17 01:29:02'),(225,'assets/images/1721204942_chemical_1_3.jpg',111,'2024-07-17 01:29:02','2024-07-17 01:29:02'),(226,'assets/images/1721206172_natural_1.webp',112,'2024-07-17 01:49:32','2024-07-17 01:49:32'),(227,'assets/images/1721206229_natural_2.webp',113,'2024-07-17 01:50:29','2024-07-17 01:50:29'),(228,'assets/images/1721206283_natural_3.webp',114,'2024-07-17 01:51:23','2024-07-17 01:51:23'),(229,'assets/images/1721206655_natural_4.webp',115,'2024-07-17 01:57:35','2024-07-17 01:57:35'),(230,'assets/images/1721206716_natural_5.webp',116,'2024-07-17 01:58:36','2024-07-17 01:58:36'),(231,'assets/images/1721206781_natural_6.webp',117,'2024-07-17 01:59:41','2024-07-17 01:59:41'),(232,'assets/images/1721206837_natural_7.webp',118,'2024-07-17 02:00:37','2024-07-17 02:00:37'),(233,'assets/images/1721206884_natural_8.webp',119,'2024-07-17 02:01:24','2024-07-17 02:01:24'),(234,'assets/images/1721207325_toy_1_3.jpg',120,'2024-07-17 02:08:45','2024-07-17 02:08:45'),(235,'assets/images/1721207325_toy_1_2.jpg',120,'2024-07-17 02:08:45','2024-07-17 02:08:45'),(236,'assets/images/1721207325_toy_1_1.jpg',120,'2024-07-17 02:08:45','2024-07-17 02:08:45'),(237,'assets/images/1721207402_toy_2_3.jpg',121,'2024-07-17 02:10:02','2024-07-17 02:10:02'),(238,'assets/images/1721207402_toy_2_2.jpg',121,'2024-07-17 02:10:02','2024-07-17 02:10:02'),(239,'assets/images/1721207402_toy_2_1.jpg',121,'2024-07-17 02:10:02','2024-07-17 02:10:02'),(240,'assets/images/1721207496_toy_3_3.jpg',122,'2024-07-17 02:11:36','2024-07-17 02:11:36'),(241,'assets/images/1721207496_toy_3_2.jpg',122,'2024-07-17 02:11:36','2024-07-17 02:11:36'),(242,'assets/images/1721207496_toy_3_1.jpg',122,'2024-07-17 02:11:36','2024-07-17 02:11:36'),(243,'assets/images/1721207928_toy_4_3.jpg',123,'2024-07-17 02:18:48','2024-07-17 02:18:48'),(244,'assets/images/1721207928_toy_4_2.jpg',123,'2024-07-17 02:18:48','2024-07-17 02:18:48'),(245,'assets/images/1721207928_toy_4_1.jpg',123,'2024-07-17 02:18:48','2024-07-17 02:18:48'),(246,'assets/images/1721208004_toy_5_2.jpg',124,'2024-07-17 02:20:04','2024-07-17 02:20:04'),(247,'assets/images/1721208004_toy_5_1.jpg',124,'2024-07-17 02:20:04','2024-07-17 02:20:04'),(248,'assets/images/1721208156_toy_6_3.jpg',125,'2024-07-17 02:22:36','2024-07-17 02:22:36'),(249,'assets/images/1721208156_toy_6_2.jpg',125,'2024-07-17 02:22:36','2024-07-17 02:22:36'),(250,'assets/images/1721208156_toy_6_1.jpg',125,'2024-07-17 02:22:36','2024-07-17 02:22:36'),(251,'assets/images/1721208254_toy_7_4.jpg',126,'2024-07-17 02:24:14','2024-07-17 02:24:14'),(252,'assets/images/1721208254_toy_7_3.jpg',126,'2024-07-17 02:24:14','2024-07-17 02:24:14'),(253,'assets/images/1721208254_toy_7_2.jpg',126,'2024-07-17 02:24:14','2024-07-17 02:24:14'),(254,'assets/images/1721208254_toy_7_1.jpg',126,'2024-07-17 02:24:14','2024-07-17 02:24:14'),(255,'assets/images/1721208326_toy_8_3.jpg',127,'2024-07-17 02:25:26','2024-07-17 02:25:26'),(256,'assets/images/1721208326_toy_8_2.jpg',127,'2024-07-17 02:25:26','2024-07-17 02:25:26'),(257,'assets/images/1721208326_toy_8_1.jpg',127,'2024-07-17 02:25:26','2024-07-17 02:25:26'),(258,'assets/images/1721209082_pebbles_1_4.jpg',128,'2024-07-17 02:38:02','2024-07-17 02:38:02'),(259,'assets/images/1721209082_pebbles_1_3.jpg',128,'2024-07-17 02:38:02','2024-07-17 02:38:02'),(260,'assets/images/1721209082_pebbles_1_2.jpg',128,'2024-07-17 02:38:02','2024-07-17 02:38:02'),(261,'assets/images/1721209082_pebbles_1_1.jpg',128,'2024-07-17 02:38:02','2024-07-17 02:38:02'),(262,'assets/images/1721209447_pebbles_2_4.jpg',129,'2024-07-17 02:44:07','2024-07-17 02:44:07'),(263,'assets/images/1721209447_pebbles_2_3.jpg',129,'2024-07-17 02:44:07','2024-07-17 02:44:07'),(264,'assets/images/1721209447_pebbles_2_2.jpg',129,'2024-07-17 02:44:07','2024-07-17 02:44:07'),(265,'assets/images/1721209447_pebbles_2_1.jpg',129,'2024-07-17 02:44:07','2024-07-17 02:44:07'),(266,'assets/images/1721209810_pebbles_4_4.jpg',130,'2024-07-17 02:50:10','2024-07-17 02:50:10'),(267,'assets/images/1721209810_pebbles_4_3.jpg',130,'2024-07-17 02:50:10','2024-07-17 02:50:10'),(268,'assets/images/1721209810_pebbles_4_2.jpg',130,'2024-07-17 02:50:10','2024-07-17 02:50:10'),(269,'assets/images/1721209810_pebbles_4_1.jpg',130,'2024-07-17 02:50:10','2024-07-17 02:50:10'),(270,'assets/images/1721210330_pebbles_5_4.jpg',131,'2024-07-17 02:58:50','2024-07-17 02:58:50'),(271,'assets/images/1721210330_pebbles_5_3.jpg',131,'2024-07-17 02:58:50','2024-07-17 02:58:50'),(272,'assets/images/1721210330_pebbles_5_2.jpg',131,'2024-07-17 02:58:50','2024-07-17 02:58:50'),(273,'assets/images/1721210330_pebbles_5_1.jpg',131,'2024-07-17 02:58:51','2024-07-17 02:58:51'),(274,'assets/images/1721210919_pebbles_6_4.jpg',132,'2024-07-17 03:08:39','2024-07-17 03:08:39'),(275,'assets/images/1721210919_pebbles_6_3.jpg',132,'2024-07-17 03:08:39','2024-07-17 03:08:39'),(276,'assets/images/1721210919_pebbles_6_2.jpg',132,'2024-07-17 03:08:39','2024-07-17 03:08:39'),(277,'assets/images/1721210919_pebbles_6_1.jpg',132,'2024-07-17 03:08:39','2024-07-17 03:08:39'),(278,'assets/images/1721210970_pebbles_3_4.jpg',133,'2024-07-17 03:09:30','2024-07-17 03:09:30'),(279,'assets/images/1721210970_pebbles_3_3.jpg',133,'2024-07-17 03:09:30','2024-07-17 03:09:30'),(280,'assets/images/1721210970_pebbles_3_2.jpg',133,'2024-07-17 03:09:30','2024-07-17 03:09:30'),(281,'assets/images/1721210970_pebbles_3_1.jpg',133,'2024-07-17 03:09:30','2024-07-17 03:09:30'),(282,'assets/images/1721211084_pebbles_7_4.jpg',134,'2024-07-17 03:11:24','2024-07-17 03:11:24'),(283,'assets/images/1721211084_pebbles_7_3.jpg',134,'2024-07-17 03:11:24','2024-07-17 03:11:24'),(284,'assets/images/1721211084_pebbles_7_2.jpg',134,'2024-07-17 03:11:24','2024-07-17 03:11:24'),(285,'assets/images/1721211084_pebbles_7_1.jpg',134,'2024-07-17 03:11:24','2024-07-17 03:11:24'),(286,'assets/images/1721211264_pebbles_8_4.jpg',135,'2024-07-17 03:14:24','2024-07-17 03:14:24'),(287,'assets/images/1721211264_pebbles_8_3.jpg',135,'2024-07-17 03:14:24','2024-07-17 03:14:24'),(288,'assets/images/1721211264_pebbles_8_2.jpg',135,'2024-07-17 03:14:24','2024-07-17 03:14:24'),(289,'assets/images/1721211264_pebbles_8_1.jpg',135,'2024-07-17 03:14:24','2024-07-17 03:14:24'),(290,'assets/images/1721211507_pebbles_9_4.jpg',136,'2024-07-17 03:18:27','2024-07-17 03:18:27'),(291,'assets/images/1721211507_pebbles_9_3.jpg',136,'2024-07-17 03:18:27','2024-07-17 03:18:27'),(292,'assets/images/1721211507_pebbles_9_2.jpg',136,'2024-07-17 03:18:27','2024-07-17 03:18:27'),(293,'assets/images/1721211507_pebbles_9_1.jpg',136,'2024-07-17 03:18:27','2024-07-17 03:18:27'),(294,'assets/images/1721211658_pebbles_10_4.jpg',137,'2024-07-17 03:20:58','2024-07-17 03:20:58'),(295,'assets/images/1721211658_pebbles_10_3.jpg',137,'2024-07-17 03:20:58','2024-07-17 03:20:58'),(296,'assets/images/1721211658_pebbles_10_2.jpg',137,'2024-07-17 03:20:58','2024-07-17 03:20:58'),(297,'assets/images/1721211658_pebbles_10_1.jpg',137,'2024-07-17 03:20:58','2024-07-17 03:20:58');
/*!40000 ALTER TABLE `product_images` ENABLE KEYS */;
UNLOCK TABLES;

--
-- Table structure for table `product_variants`
--

DROP TABLE IF EXISTS `product_variants`;
/*!40101 SET @saved_cs_client     = @@character_set_client */;
/*!50503 SET character_set_client = utf8mb4 */;
CREATE TABLE `product_variants` (
  `id` bigint unsigned NOT NULL AUTO_INCREMENT,
  `quantity` int NOT NULL,
  `price` decimal(10,2) NOT NULL,
  `product_id` bigint unsigned NOT NULL,
  `created_at` timestamp NULL DEFAULT NULL,
  `updated_at` timestamp NULL DEFAULT NULL,
  PRIMARY KEY (`id`),
  KEY `product_variants_product_id_foreign` (`product_id`),
  CONSTRAINT `product_variants_product_id_foreign` FOREIGN KEY (`product_id`) REFERENCES `products` (`id`) ON DELETE CASCADE
) ENGINE=InnoDB AUTO_INCREMENT=412 DEFAULT CHARSET=utf8mb4 COLLATE=utf8mb4_unicode_ci;
/*!40101 SET character_set_client = @saved_cs_client */;

--
-- Dumping data for table `product_variants`
--

LOCK TABLES `product_variants` WRITE;
/*!40000 ALTER TABLE `product_variants` DISABLE KEYS */;
INSERT INTO `product_variants` VALUES (1,100,5.99,1,'2024-07-14 10:22:58','2024-07-16 20:51:38'),(2,100,5.99,1,'2024-07-14 10:22:58','2024-07-14 10:22:58'),(3,100,5.99,1,'2024-07-14 10:22:58','2024-07-14 10:22:58'),(4,100,5.99,1,'2024-07-14 10:22:58','2024-07-14 10:22:58'),(5,100,5.99,1,'2024-07-14 10:22:58','2024-07-14 10:22:58'),(6,100,6.99,1,'2024-07-14 10:22:58','2024-07-14 10:22:58'),(7,100,6.99,1,'2024-07-14 10:22:58','2024-07-14 10:22:58'),(8,100,6.99,1,'2024-07-14 10:22:58','2024-07-14 10:22:58'),(9,100,6.99,1,'2024-07-14 10:22:58','2024-07-14 10:22:58'),(10,100,6.99,1,'2024-07-14 10:22:58','2024-07-14 10:22:58'),(11,100,7.99,1,'2024-07-14 10:22:58','2024-07-14 10:22:58'),(12,100,7.99,1,'2024-07-14 10:22:58','2024-07-14 10:22:58'),(13,100,7.99,1,'2024-07-14 10:22:58','2024-07-14 10:22:58'),(14,100,7.99,1,'2024-07-14 10:22:58','2024-07-14 10:22:58'),(15,100,7.99,1,'2024-07-14 10:22:58','2024-07-14 10:22:58'),(16,99,5.99,2,'2024-07-14 10:38:58','2024-07-17 12:06:34'),(17,100,6.99,2,'2024-07-14 10:38:58','2024-07-14 10:38:58'),(18,100,7.99,2,'2024-07-14 10:38:58','2024-07-14 10:38:58'),(19,100,7.99,3,'2024-07-14 10:48:09','2024-07-14 10:48:09'),(20,99,8.99,3,'2024-07-14 10:48:09','2024-07-17 12:06:34'),(21,99,9.99,3,'2024-07-14 10:48:09','2024-07-17 12:06:34'),(22,100,4.99,4,'2024-07-14 10:49:50','2024-07-14 10:49:50'),(23,100,5.99,4,'2024-07-14 10:49:50','2024-07-14 10:49:50'),(24,99,6.99,4,'2024-07-14 10:49:50','2024-07-17 12:06:34'),(25,99,6.99,5,'2024-07-14 10:51:36','2024-07-17 12:06:34'),(26,100,7.99,5,'2024-07-14 10:51:36','2024-07-14 10:51:36'),(27,100,8.99,5,'2024-07-14 10:51:36','2024-07-14 10:51:36'),(28,100,7.99,6,'2024-07-14 10:54:25','2024-07-14 10:54:25'),(29,100,8.99,6,'2024-07-14 10:54:25','2024-07-14 10:54:25'),(30,100,9.99,6,'2024-07-14 10:54:25','2024-07-14 10:54:25'),(31,10,12.99,7,'2024-07-14 10:56:28','2024-07-14 10:56:28'),(32,9,24.99,7,'2024-07-14 10:56:28','2024-07-17 12:06:34'),(33,10,0.99,7,'2024-07-14 10:56:28','2024-07-14 10:56:28'),(34,10,12.99,8,'2024-07-14 10:58:51','2024-07-14 10:58:51'),(35,10,24.99,8,'2024-07-14 10:58:51','2024-07-14 10:58:51'),(36,10,0.99,8,'2024-07-14 10:58:51','2024-07-14 10:58:51'),(37,10,12.99,9,'2024-07-14 10:59:27','2024-07-14 10:59:27'),(38,10,24.99,9,'2024-07-14 10:59:27','2024-07-14 10:59:27'),(39,10,0.99,9,'2024-07-14 10:59:27','2024-07-14 10:59:27'),(40,10,12.99,10,'2024-07-14 10:59:55','2024-07-14 10:59:55'),(41,10,24.99,10,'2024-07-14 10:59:55','2024-07-14 10:59:55'),(42,10,0.99,10,'2024-07-14 10:59:55','2024-07-14 10:59:55'),(43,10,12.99,11,'2024-07-14 11:00:26','2024-07-14 11:00:26'),(44,10,24.99,11,'2024-07-14 11:00:26','2024-07-14 11:00:26'),(45,10,0.99,11,'2024-07-14 11:00:26','2024-07-14 11:00:26'),(46,10,12.99,12,'2024-07-14 11:00:48','2024-07-14 11:00:48'),(47,10,24.99,12,'2024-07-14 11:00:48','2024-07-14 11:00:48'),(48,10,0.99,12,'2024-07-14 11:00:48','2024-07-14 11:00:48'),(49,10,12.99,13,'2024-07-14 11:01:09','2024-07-14 11:01:09'),(50,10,24.99,13,'2024-07-14 11:01:09','2024-07-14 11:01:09'),(51,10,0.99,13,'2024-07-14 11:01:09','2024-07-14 11:01:09'),(52,10,12.99,14,'2024-07-14 11:01:28','2024-07-14 11:01:28'),(53,10,24.99,14,'2024-07-14 11:01:28','2024-07-14 11:01:28'),(54,10,0.99,14,'2024-07-14 11:01:28','2024-07-14 11:01:28'),(55,10,12.99,15,'2024-07-14 11:01:44','2024-07-14 11:01:44'),(56,10,24.99,15,'2024-07-14 11:01:44','2024-07-14 11:01:44'),(57,10,0.99,15,'2024-07-14 11:01:44','2024-07-14 11:01:44'),(58,10,12.99,16,'2024-07-14 11:02:04','2024-07-14 11:02:04'),(59,10,24.99,16,'2024-07-14 11:02:04','2024-07-14 11:02:04'),(60,10,0.99,16,'2024-07-14 11:02:04','2024-07-14 11:02:04'),(61,100,19.99,17,'2024-07-15 09:53:06','2024-07-15 09:53:06'),(62,100,24.99,17,'2024-07-15 09:53:06','2024-07-15 09:53:06'),(63,100,29.99,17,'2024-07-15 09:53:06','2024-07-15 09:53:06'),(64,100,15.99,17,'2024-07-15 09:54:02','2024-07-15 09:54:02'),(65,100,17.99,17,'2024-07-15 09:54:02','2024-07-15 09:54:02'),(66,100,19.99,17,'2024-07-15 09:54:02','2024-07-15 09:54:02'),(67,100,6.99,18,'2024-07-15 09:59:14','2024-07-15 09:59:14'),(68,100,7.99,18,'2024-07-15 09:59:14','2024-07-15 09:59:14'),(69,100,8.99,18,'2024-07-15 09:59:14','2024-07-15 09:59:14'),(70,100,8.99,18,'2024-07-15 10:01:42','2024-07-15 10:01:42'),(71,100,10.99,18,'2024-07-15 10:01:42','2024-07-15 10:01:42'),(72,100,12.99,18,'2024-07-15 10:01:42','2024-07-15 10:01:42'),(73,100,12.99,19,'2024-07-15 10:06:03','2024-07-15 10:06:03'),(74,100,15.99,19,'2024-07-15 10:06:03','2024-07-15 10:06:03'),(75,100,18.99,19,'2024-07-15 10:06:03','2024-07-15 10:06:03'),(76,100,13.99,19,'2024-07-15 10:17:21','2024-07-15 10:17:21'),(77,100,16.99,19,'2024-07-15 10:17:21','2024-07-15 10:17:21'),(78,100,19.99,19,'2024-07-15 10:17:21','2024-07-15 10:17:21'),(79,100,9.99,20,'2024-07-15 10:17:56','2024-07-15 10:17:56'),(80,100,11.99,20,'2024-07-15 10:17:56','2024-07-15 10:17:56'),(81,100,13.99,20,'2024-07-15 10:17:56','2024-07-15 10:17:56'),(82,100,10.99,20,'2024-07-15 10:17:56','2024-07-15 10:17:56'),(83,100,12.99,20,'2024-07-15 10:17:56','2024-07-15 10:17:56'),(84,100,14.99,20,'2024-07-15 10:17:56','2024-07-15 10:17:56'),(85,100,14.99,21,'2024-07-15 10:24:48','2024-07-15 10:24:48'),(86,100,16.99,21,'2024-07-15 10:24:48','2024-07-15 10:24:48'),(87,100,18.99,21,'2024-07-15 10:24:48','2024-07-15 10:24:48'),(88,100,15.99,21,'2024-07-15 10:24:48','2024-07-15 10:24:48'),(89,100,17.99,21,'2024-07-15 10:24:48','2024-07-15 10:24:48'),(90,100,19.99,21,'2024-07-15 10:24:48','2024-07-15 10:24:48'),(91,100,11.99,22,'2024-07-15 10:25:41','2024-07-15 10:25:41'),(92,100,13.99,22,'2024-07-15 10:25:41','2024-07-15 10:25:41'),(93,100,15.99,22,'2024-07-15 10:25:41','2024-07-15 10:25:41'),(94,100,12.99,22,'2024-07-15 10:25:41','2024-07-15 10:25:41'),(95,100,14.99,22,'2024-07-15 10:25:41','2024-07-15 10:25:41'),(96,100,16.99,22,'2024-07-15 10:25:41','2024-07-15 10:25:41'),(97,100,19.99,23,'2024-07-15 10:27:53','2024-07-15 10:27:53'),(98,100,21.99,23,'2024-07-15 10:27:53','2024-07-15 10:27:53'),(99,100,23.99,23,'2024-07-15 10:27:53','2024-07-15 10:27:53'),(100,100,20.99,23,'2024-07-15 10:27:53','2024-07-15 10:27:53'),(101,100,22.99,23,'2024-07-15 10:27:53','2024-07-15 10:27:53'),(102,100,24.99,23,'2024-07-15 10:27:53','2024-07-15 10:27:53'),(103,100,54.99,24,'2024-07-15 10:40:33','2024-07-15 10:40:34'),(104,100,30.99,25,'2024-07-15 10:42:21','2024-07-15 10:42:22'),(105,100,25.99,26,'2024-07-15 10:45:22','2024-07-15 10:45:22'),(106,100,27.99,26,'2024-07-15 10:45:22','2024-07-15 10:45:22'),(107,100,29.99,26,'2024-07-15 10:45:22','2024-07-15 10:45:22'),(108,100,26.99,26,'2024-07-15 10:45:22','2024-07-15 10:45:22'),(109,100,28.99,26,'2024-07-15 10:45:22','2024-07-15 10:45:22'),(110,100,30.99,26,'2024-07-15 10:45:22','2024-07-15 10:45:22'),(111,100,59.99,27,'2024-07-15 10:50:48','2024-07-15 10:50:48'),(112,100,9.99,28,'2024-07-15 10:56:54','2024-07-15 10:56:54'),(113,100,9.99,28,'2024-07-15 10:56:54','2024-07-15 10:56:54'),(114,100,9.99,28,'2024-07-15 10:56:54','2024-07-15 10:56:54'),(115,100,9.99,28,'2024-07-15 10:56:54','2024-07-15 10:56:54'),(116,100,9.99,28,'2024-07-15 10:56:54','2024-07-15 10:56:54'),(117,50,19.99,29,'2024-07-15 11:01:12','2024-07-15 11:01:12'),(118,50,28.99,30,'2024-07-15 11:05:31','2024-07-15 11:05:31'),(119,50,15.99,31,'2024-07-15 11:07:14','2024-07-15 11:07:14'),(120,50,12.99,32,'2024-07-15 11:08:42','2024-07-15 11:08:42'),(121,50,12.99,32,'2024-07-15 11:08:42','2024-07-15 11:08:42'),(122,50,12.99,32,'2024-07-15 11:08:42','2024-07-15 11:08:42'),(123,50,12.99,32,'2024-07-15 11:08:42','2024-07-15 11:08:42'),(124,50,12.99,32,'2024-07-15 11:08:42','2024-07-15 11:08:42'),(125,19,89.99,33,'2024-07-15 11:09:43','2024-07-17 12:06:34'),(126,50,27.99,34,'2024-07-15 11:11:06','2024-07-15 11:11:06'),(127,30,69.99,35,'2024-07-15 11:12:29','2024-07-15 11:12:29'),(129,100,3.99,36,'2024-07-15 11:13:57','2024-07-15 11:13:57'),(130,100,3.99,36,'2024-07-15 11:13:57','2024-07-15 11:13:57'),(131,100,3.99,36,'2024-07-15 11:13:57','2024-07-15 11:13:57'),(132,100,3.99,36,'2024-07-15 11:13:57','2024-07-15 11:13:57'),(133,100,3.99,36,'2024-07-15 11:13:57','2024-07-15 11:13:57'),(134,50,12.99,37,'2024-07-15 11:16:46','2024-07-15 11:16:46'),(135,50,17.99,37,'2024-07-15 11:16:46','2024-07-15 11:16:46'),(136,50,22.99,37,'2024-07-15 11:16:46','2024-07-15 11:16:46'),(137,20,79.99,38,'2024-07-15 11:18:41','2024-07-15 11:18:41'),(138,100,12.99,39,'2024-07-15 11:20:36','2024-07-15 11:20:36'),(139,100,12.99,39,'2024-07-15 11:20:36','2024-07-15 11:20:36'),(140,100,12.99,39,'2024-07-15 11:20:36','2024-07-15 11:20:36'),(141,100,8.99,40,'2024-07-15 11:22:19','2024-07-15 11:22:19'),(142,100,9.99,40,'2024-07-15 11:22:19','2024-07-15 11:22:19'),(143,100,10.99,40,'2024-07-15 11:22:19','2024-07-15 11:22:19'),(144,30,79.99,41,'2024-07-15 11:23:17','2024-07-15 11:23:17'),(145,100,8.99,42,'2024-07-16 20:22:25','2024-07-16 20:22:25'),(146,100,9.99,42,'2024-07-16 20:22:25','2024-07-16 20:22:25'),(147,100,10.99,42,'2024-07-16 20:22:25','2024-07-16 20:22:25'),(148,100,8.99,43,'2024-07-16 20:27:58','2024-07-16 20:27:58'),(149,100,9.99,43,'2024-07-16 20:27:58','2024-07-16 20:27:58'),(150,100,10.99,43,'2024-07-16 20:27:58','2024-07-16 20:27:58'),(151,100,6.99,44,'2024-07-16 20:33:01','2024-07-16 20:33:01'),(152,100,7.99,44,'2024-07-16 20:33:01','2024-07-16 20:33:01'),(153,100,8.99,44,'2024-07-16 20:33:01','2024-07-16 20:33:01'),(154,100,5.99,45,'2024-07-16 20:35:49','2024-07-16 20:35:49'),(155,100,6.99,45,'2024-07-16 20:35:49','2024-07-16 20:35:49'),(156,100,7.99,45,'2024-07-16 20:35:49','2024-07-16 20:35:49'),(157,100,5.99,46,'2024-07-16 20:39:14','2024-07-16 20:39:14'),(158,100,6.99,46,'2024-07-16 20:39:14','2024-07-16 20:39:14'),(159,100,7.99,46,'2024-07-16 20:39:14','2024-07-16 20:39:14'),(160,100,5.99,47,'2024-07-16 20:42:07','2024-07-16 20:42:07'),(161,100,6.99,47,'2024-07-16 20:42:07','2024-07-16 20:42:07'),(162,100,7.99,47,'2024-07-16 20:42:07','2024-07-16 20:42:07'),(163,100,6.99,48,'2024-07-16 20:45:40','2024-07-16 20:45:40'),(164,100,7.99,48,'2024-07-16 20:45:40','2024-07-16 20:45:40'),(165,100,8.99,48,'2024-07-16 20:45:40','2024-07-16 20:45:40'),(166,100,6.99,50,'2024-07-16 20:50:37','2024-07-16 20:50:37'),(167,100,7.99,50,'2024-07-16 20:50:37','2024-07-16 20:50:37'),(168,100,8.99,50,'2024-07-16 20:50:37','2024-07-16 20:50:37'),(169,100,15.99,51,'2024-07-16 22:15:46','2024-07-16 22:15:46'),(170,100,12.99,52,'2024-07-16 22:20:22','2024-07-16 22:20:22'),(171,100,10.99,53,'2024-07-16 22:22:09','2024-07-16 22:22:09'),(172,100,12.99,54,'2024-07-16 22:45:11','2024-07-16 22:45:11'),(173,100,10.99,55,'2024-07-16 22:46:01','2024-07-16 22:46:01'),(174,100,10.99,56,'2024-07-16 22:46:55','2024-07-16 22:46:55'),(175,100,6.99,57,'2024-07-16 22:48:14','2024-07-16 22:48:14'),(176,100,8.99,58,'2024-07-16 22:48:51','2024-07-16 22:48:51'),(177,100,10.99,59,'2024-07-16 22:49:57','2024-07-16 22:49:57'),(178,100,9.99,60,'2024-07-16 22:50:57','2024-07-16 22:50:57'),(179,100,12.99,61,'2024-07-16 22:52:00','2024-07-16 22:52:00'),(180,100,10.99,62,'2024-07-16 22:58:30','2024-07-16 22:58:30'),(181,100,12.99,63,'2024-07-16 22:59:10','2024-07-16 22:59:10'),(182,100,6.99,64,'2024-07-16 23:00:03','2024-07-16 23:00:03'),(183,100,12.99,65,'2024-07-16 23:01:28','2024-07-16 23:01:28'),(184,100,10.99,66,'2024-07-16 23:02:18','2024-07-16 23:02:18'),(185,100,0.99,67,'2024-07-16 23:06:58','2024-07-16 23:06:58'),(186,100,3.99,67,'2024-07-16 23:06:58','2024-07-16 23:06:58'),(187,100,5.99,67,'2024-07-16 23:06:58','2024-07-16 23:06:58'),(188,100,0.99,68,'2024-07-16 23:09:26','2024-07-16 23:09:26'),(189,100,3.99,68,'2024-07-16 23:09:26','2024-07-16 23:09:26'),(190,100,5.99,68,'2024-07-16 23:09:26','2024-07-16 23:09:26'),(191,100,0.99,69,'2024-07-16 23:12:54','2024-07-16 23:12:54'),(192,100,3.99,69,'2024-07-16 23:12:54','2024-07-16 23:12:54'),(193,100,5.99,69,'2024-07-16 23:12:54','2024-07-16 23:12:54'),(194,100,0.99,70,'2024-07-16 23:13:56','2024-07-16 23:13:56'),(195,100,3.99,70,'2024-07-16 23:13:56','2024-07-16 23:13:56'),(196,100,5.99,70,'2024-07-16 23:13:56','2024-07-16 23:13:56'),(197,100,0.99,71,'2024-07-16 23:16:33','2024-07-16 23:16:33'),(198,100,3.99,71,'2024-07-16 23:16:33','2024-07-16 23:16:33'),(199,100,5.99,71,'2024-07-16 23:16:33','2024-07-16 23:16:33'),(200,100,0.99,72,'2024-07-16 23:17:33','2024-07-16 23:17:33'),(201,100,3.99,72,'2024-07-16 23:17:33','2024-07-16 23:17:33'),(202,100,5.99,72,'2024-07-16 23:17:33','2024-07-16 23:17:33'),(203,100,0.99,73,'2024-07-16 23:18:34','2024-07-16 23:18:34'),(204,100,3.99,73,'2024-07-16 23:18:34','2024-07-16 23:18:34'),(205,100,5.99,73,'2024-07-16 23:18:34','2024-07-16 23:18:34'),(206,100,0.99,74,'2024-07-16 23:19:34','2024-07-16 23:19:34'),(207,100,3.99,74,'2024-07-16 23:19:34','2024-07-16 23:19:34'),(208,100,5.99,74,'2024-07-16 23:19:34','2024-07-16 23:19:34'),(209,100,0.99,75,'2024-07-16 23:28:15','2024-07-16 23:28:15'),(210,100,3.99,75,'2024-07-16 23:28:15','2024-07-16 23:28:15'),(211,100,5.99,75,'2024-07-16 23:28:15','2024-07-16 23:28:15'),(212,100,0.99,76,'2024-07-16 23:29:23','2024-07-16 23:29:23'),(213,100,3.99,76,'2024-07-16 23:29:23','2024-07-16 23:29:23'),(214,100,5.99,76,'2024-07-16 23:29:23','2024-07-16 23:29:23'),(215,100,0.99,77,'2024-07-16 23:30:14','2024-07-16 23:30:14'),(216,100,3.99,77,'2024-07-16 23:30:14','2024-07-16 23:30:14'),(217,100,5.99,77,'2024-07-16 23:30:14','2024-07-16 23:30:14'),(218,100,0.99,78,'2024-07-16 23:33:43','2024-07-16 23:33:43'),(219,100,3.99,78,'2024-07-16 23:33:43','2024-07-16 23:33:43'),(220,100,5.99,78,'2024-07-16 23:33:43','2024-07-16 23:33:43'),(221,100,0.99,79,'2024-07-16 23:40:36','2024-07-16 23:40:36'),(222,100,3.99,79,'2024-07-16 23:40:36','2024-07-16 23:40:36'),(223,100,5.99,79,'2024-07-16 23:40:36','2024-07-16 23:40:36'),(224,100,0.99,80,'2024-07-16 23:41:22','2024-07-16 23:41:22'),(225,100,3.99,80,'2024-07-16 23:41:22','2024-07-16 23:41:22'),(226,100,5.99,80,'2024-07-16 23:41:22','2024-07-16 23:41:22'),(227,100,0.99,81,'2024-07-16 23:42:05','2024-07-16 23:42:05'),(228,100,3.99,81,'2024-07-16 23:42:05','2024-07-16 23:42:05'),(229,100,5.99,81,'2024-07-16 23:42:05','2024-07-16 23:42:05'),(230,100,0.99,82,'2024-07-16 23:43:03','2024-07-16 23:43:03'),(231,100,3.99,82,'2024-07-16 23:43:03','2024-07-16 23:43:03'),(232,100,5.99,82,'2024-07-16 23:43:03','2024-07-16 23:43:03'),(233,100,0.99,83,'2024-07-16 23:58:23','2024-07-16 23:58:23'),(234,100,3.99,83,'2024-07-16 23:58:23','2024-07-16 23:58:23'),(235,100,5.99,83,'2024-07-16 23:58:23','2024-07-16 23:58:23'),(236,100,0.99,84,'2024-07-16 23:59:08','2024-07-16 23:59:08'),(237,100,3.99,84,'2024-07-16 23:59:08','2024-07-16 23:59:08'),(238,100,5.99,84,'2024-07-16 23:59:08','2024-07-16 23:59:08'),(239,100,0.99,85,'2024-07-17 00:00:04','2024-07-17 00:00:04'),(240,100,3.99,85,'2024-07-17 00:00:04','2024-07-17 00:00:04'),(241,100,5.99,85,'2024-07-17 00:00:04','2024-07-17 00:00:04'),(242,100,0.99,86,'2024-07-17 00:00:45','2024-07-17 00:00:45'),(243,100,3.99,86,'2024-07-17 00:00:45','2024-07-17 00:00:45'),(244,100,5.99,86,'2024-07-17 00:00:45','2024-07-17 00:00:45'),(245,100,0.99,87,'2024-07-17 00:01:32','2024-07-17 00:01:32'),(246,100,3.99,87,'2024-07-17 00:01:32','2024-07-17 00:01:32'),(247,100,5.99,87,'2024-07-17 00:01:32','2024-07-17 00:01:32'),(248,100,0.99,88,'2024-07-17 00:02:32','2024-07-17 00:02:32'),(249,100,3.99,88,'2024-07-17 00:02:32','2024-07-17 00:02:32'),(250,100,5.99,88,'2024-07-17 00:02:32','2024-07-17 00:02:32'),(251,100,0.99,89,'2024-07-17 00:03:26','2024-07-17 00:03:26'),(252,100,3.99,89,'2024-07-17 00:03:26','2024-07-17 00:03:26'),(253,100,5.99,89,'2024-07-17 00:03:26','2024-07-17 00:03:26'),(254,100,0.99,90,'2024-07-17 00:04:23','2024-07-17 00:04:23'),(255,100,3.99,90,'2024-07-17 00:04:23','2024-07-17 00:04:23'),(256,100,5.99,90,'2024-07-17 00:04:23','2024-07-17 00:04:23'),(257,100,0.99,91,'2024-07-17 00:18:40','2024-07-17 00:18:40'),(258,100,3.99,91,'2024-07-17 00:18:40','2024-07-17 00:18:40'),(259,100,5.99,91,'2024-07-17 00:18:40','2024-07-17 00:18:40'),(260,100,0.99,91,'2024-07-17 00:18:40','2024-07-17 00:18:40'),(261,100,3.99,91,'2024-07-17 00:18:40','2024-07-17 00:18:40'),(262,100,5.99,91,'2024-07-17 00:18:40','2024-07-17 00:18:40'),(263,100,0.99,91,'2024-07-17 00:18:40','2024-07-17 00:18:40'),(264,100,3.99,91,'2024-07-17 00:18:40','2024-07-17 00:18:40'),(265,100,5.99,91,'2024-07-17 00:18:40','2024-07-17 00:18:40'),(266,100,0.99,92,'2024-07-17 00:19:52','2024-07-17 00:19:52'),(267,100,3.99,92,'2024-07-17 00:19:52','2024-07-17 00:19:52'),(268,100,5.99,92,'2024-07-17 00:19:52','2024-07-17 00:19:52'),(269,100,0.99,93,'2024-07-17 00:20:51','2024-07-17 00:20:51'),(270,100,3.99,93,'2024-07-17 00:20:51','2024-07-17 00:20:51'),(271,100,5.99,93,'2024-07-17 00:20:51','2024-07-17 00:20:51'),(272,100,0.99,94,'2024-07-17 00:25:11','2024-07-17 00:25:11'),(273,100,3.99,94,'2024-07-17 00:25:11','2024-07-17 00:25:11'),(274,100,5.99,94,'2024-07-17 00:25:11','2024-07-17 00:25:11'),(275,100,0.99,94,'2024-07-17 00:25:11','2024-07-17 00:25:11'),(276,100,3.99,94,'2024-07-17 00:25:11','2024-07-17 00:25:11'),(277,100,5.99,94,'2024-07-17 00:25:11','2024-07-17 00:25:11'),(278,100,0.99,94,'2024-07-17 00:25:11','2024-07-17 00:25:11'),(279,100,3.99,94,'2024-07-17 00:25:11','2024-07-17 00:25:11'),(280,100,5.99,94,'2024-07-17 00:25:11','2024-07-17 00:25:11'),(281,100,0.99,95,'2024-07-17 00:28:05','2024-07-17 00:28:05'),(282,100,3.99,95,'2024-07-17 00:28:05','2024-07-17 00:28:05'),(283,100,5.99,95,'2024-07-17 00:28:05','2024-07-17 00:28:05'),(284,100,0.99,95,'2024-07-17 00:28:05','2024-07-17 00:28:05'),(285,100,3.99,95,'2024-07-17 00:28:05','2024-07-17 00:28:05'),(286,100,5.99,95,'2024-07-17 00:28:05','2024-07-17 00:28:05'),(293,100,0.99,97,'2024-07-17 00:31:34','2024-07-17 00:31:34'),(294,100,3.99,97,'2024-07-17 00:31:34','2024-07-17 00:31:34'),(295,100,5.99,97,'2024-07-17 00:31:34','2024-07-17 00:31:34'),(296,100,0.99,97,'2024-07-17 00:31:34','2024-07-17 00:31:34'),(297,100,3.99,97,'2024-07-17 00:31:34','2024-07-17 00:31:34'),(298,100,5.99,97,'2024-07-17 00:31:34','2024-07-17 00:31:34'),(299,100,0.99,98,'2024-07-17 00:34:59','2024-07-17 00:34:59'),(300,100,3.99,98,'2024-07-17 00:34:59','2024-07-17 00:34:59'),(301,100,5.99,98,'2024-07-17 00:34:59','2024-07-17 00:34:59'),(302,100,0.99,99,'2024-07-17 00:37:08','2024-07-17 00:37:08'),(303,100,3.99,99,'2024-07-17 00:37:08','2024-07-17 00:37:08'),(304,100,5.99,99,'2024-07-17 00:37:08','2024-07-17 00:37:08'),(305,100,0.99,99,'2024-07-17 00:37:08','2024-07-17 00:37:08'),(306,100,3.99,99,'2024-07-17 00:37:08','2024-07-17 00:37:08'),(307,100,5.99,99,'2024-07-17 00:37:08','2024-07-17 00:37:08'),(308,100,3.99,100,'2024-07-17 00:42:41','2024-07-17 00:42:41'),(309,100,10.99,100,'2024-07-17 00:42:41','2024-07-17 00:42:41'),(310,100,18.99,100,'2024-07-17 00:42:41','2024-07-17 00:42:41'),(311,100,3.99,101,'2024-07-17 00:44:49','2024-07-17 00:44:49'),(312,100,10.99,101,'2024-07-17 00:44:49','2024-07-17 00:44:49'),(313,100,18.99,101,'2024-07-17 00:44:49','2024-07-17 00:44:49'),(314,100,3.99,102,'2024-07-17 00:46:49','2024-07-17 00:46:49'),(315,100,10.99,102,'2024-07-17 00:46:49','2024-07-17 00:46:49'),(316,100,18.99,102,'2024-07-17 00:46:49','2024-07-17 00:46:49'),(317,100,3.99,103,'2024-07-17 00:52:53','2024-07-17 00:52:53'),(318,100,10.99,103,'2024-07-17 00:52:53','2024-07-17 00:52:53'),(319,100,18.99,103,'2024-07-17 00:52:53','2024-07-17 00:52:53'),(320,100,3.99,104,'2024-07-17 00:54:57','2024-07-17 00:54:57'),(321,100,10.99,104,'2024-07-17 00:54:57','2024-07-17 00:54:57'),(322,100,18.99,104,'2024-07-17 00:54:57','2024-07-17 00:54:57'),(323,100,3.99,105,'2024-07-17 00:56:55','2024-07-17 00:56:55'),(324,100,10.99,105,'2024-07-17 00:56:55','2024-07-17 00:56:55'),(325,100,18.99,105,'2024-07-17 00:56:55','2024-07-17 00:56:55'),(326,100,3.99,106,'2024-07-17 01:00:15','2024-07-17 01:00:15'),(327,100,10.99,106,'2024-07-17 01:00:15','2024-07-17 01:00:15'),(328,100,18.99,106,'2024-07-17 01:00:15','2024-07-17 01:00:15'),(329,100,3.99,107,'2024-07-17 01:02:58','2024-07-17 01:02:58'),(330,100,10.99,107,'2024-07-17 01:02:58','2024-07-17 01:02:58'),(331,100,18.99,107,'2024-07-17 01:02:58','2024-07-17 01:02:58'),(332,100,3.99,108,'2024-07-17 01:09:41','2024-07-17 01:09:41'),(333,100,10.99,108,'2024-07-17 01:09:41','2024-07-17 01:09:41'),(334,100,18.99,108,'2024-07-17 01:09:41','2024-07-17 01:09:41'),(335,100,3.99,109,'2024-07-17 01:12:09','2024-07-17 01:12:09'),(336,100,10.99,109,'2024-07-17 01:12:09','2024-07-17 01:12:09'),(337,100,18.99,109,'2024-07-17 01:12:09','2024-07-17 01:12:09'),(338,100,3.99,110,'2024-07-17 01:15:20','2024-07-17 01:15:20'),(339,100,10.99,110,'2024-07-17 01:15:20','2024-07-17 01:15:20'),(340,100,18.99,110,'2024-07-17 01:15:20','2024-07-17 01:15:34'),(341,100,3.99,111,'2024-07-17 01:29:02','2024-07-17 01:29:02'),(342,100,10.99,111,'2024-07-17 01:29:02','2024-07-17 01:29:02'),(343,100,18.99,111,'2024-07-17 01:29:02','2024-07-17 01:29:02'),(344,100,3.99,112,'2024-07-17 01:49:32','2024-07-17 01:49:32'),(345,100,10.99,112,'2024-07-17 01:49:32','2024-07-17 01:49:32'),(346,100,18.99,112,'2024-07-17 01:49:32','2024-07-17 01:49:32'),(347,100,3.99,113,'2024-07-17 01:50:29','2024-07-17 01:50:29'),(348,100,10.99,113,'2024-07-17 01:50:29','2024-07-17 01:50:29'),(349,100,18.99,113,'2024-07-17 01:50:29','2024-07-17 01:50:29'),(350,100,3.99,114,'2024-07-17 01:51:23','2024-07-17 01:51:23'),(351,99,10.99,114,'2024-07-17 01:51:23','2024-07-17 12:06:34'),(352,99,18.99,114,'2024-07-17 01:51:23','2024-07-17 12:06:34'),(353,100,3.99,115,'2024-07-17 01:57:35','2024-07-17 01:57:35'),(354,100,10.99,115,'2024-07-17 01:57:35','2024-07-17 01:57:35'),(355,100,18.99,115,'2024-07-17 01:57:35','2024-07-17 01:57:35'),(356,100,3.99,116,'2024-07-17 01:58:36','2024-07-17 01:58:36'),(357,100,10.99,116,'2024-07-17 01:58:36','2024-07-17 01:58:36'),(358,100,18.99,116,'2024-07-17 01:58:36','2024-07-17 01:58:36'),(359,100,3.99,117,'2024-07-17 01:59:41','2024-07-17 01:59:41'),(360,100,10.99,117,'2024-07-17 01:59:41','2024-07-17 01:59:41'),(361,100,18.99,117,'2024-07-17 01:59:41','2024-07-17 01:59:41'),(362,100,3.99,118,'2024-07-17 02:00:37','2024-07-17 02:00:37'),(363,100,10.99,118,'2024-07-17 02:00:37','2024-07-17 02:00:37'),(364,100,18.99,118,'2024-07-17 02:00:37','2024-07-17 02:00:37'),(365,100,3.99,119,'2024-07-17 02:01:24','2024-07-17 02:01:24'),(366,100,10.99,119,'2024-07-17 02:01:24','2024-07-17 02:01:24'),(367,100,18.99,119,'2024-07-17 02:01:24','2024-07-17 02:01:24'),(368,100,14.99,120,'2024-07-17 02:08:45','2024-07-17 02:08:45'),(369,99,14.99,121,'2024-07-17 02:10:02','2024-07-17 12:06:34'),(370,100,14.99,122,'2024-07-17 02:11:36','2024-07-17 02:11:36'),(371,100,14.99,123,'2024-07-17 02:18:48','2024-07-17 02:18:48'),(372,100,14.99,124,'2024-07-17 02:20:04','2024-07-17 02:20:04'),(373,100,14.99,125,'2024-07-17 02:22:36','2024-07-17 02:22:36'),(374,100,14.99,126,'2024-07-17 02:24:14','2024-07-17 02:24:14'),(375,100,14.99,127,'2024-07-17 02:25:26','2024-07-17 02:25:26'),(376,100,5.99,128,'2024-07-17 02:38:02','2024-07-17 02:38:02'),(377,100,9.99,128,'2024-07-17 02:38:02','2024-07-17 02:38:02'),(378,100,12.99,128,'2024-07-17 02:38:02','2024-07-17 02:38:02'),(379,100,5.99,128,'2024-07-17 02:38:02','2024-07-17 02:38:02'),(380,100,9.99,128,'2024-07-17 02:38:02','2024-07-17 02:38:02'),(381,100,12.99,128,'2024-07-17 02:38:02','2024-07-17 02:38:02'),(382,100,12.99,129,'2024-07-17 02:44:07','2024-07-17 02:44:07'),(383,100,19.99,129,'2024-07-17 02:44:07','2024-07-17 02:44:07'),(384,100,26.99,129,'2024-07-17 02:44:07','2024-07-17 02:44:07'),(385,100,12.99,129,'2024-07-17 02:44:07','2024-07-17 02:44:07'),(386,100,19.99,129,'2024-07-17 02:44:07','2024-07-17 02:44:07'),(387,100,26.99,129,'2024-07-17 02:44:07','2024-07-17 02:44:07'),(388,100,9.99,130,'2024-07-17 02:50:10','2024-07-17 02:50:10'),(389,100,16.99,130,'2024-07-17 02:50:10','2024-07-17 02:50:10'),(390,100,29.99,130,'2024-07-17 02:50:10','2024-07-17 02:50:10'),(391,100,9.99,131,'2024-07-17 02:58:51','2024-07-17 02:58:51'),(392,100,16.99,131,'2024-07-17 02:58:51','2024-07-17 02:58:51'),(393,100,29.99,131,'2024-07-17 02:58:51','2024-07-17 02:58:51'),(394,100,9.99,132,'2024-07-17 03:08:39','2024-07-17 03:08:39'),(395,100,16.99,132,'2024-07-17 03:08:39','2024-07-17 03:08:39'),(396,100,29.99,132,'2024-07-17 03:08:39','2024-07-17 03:08:39'),(397,100,9.99,133,'2024-07-17 03:09:30','2024-07-17 03:09:30'),(398,100,16.99,133,'2024-07-17 03:09:30','2024-07-17 03:09:30'),(399,100,29.99,133,'2024-07-17 03:09:30','2024-07-17 03:09:30'),(400,100,9.99,134,'2024-07-17 03:11:24','2024-07-17 03:11:24'),(401,100,16.99,134,'2024-07-17 03:11:24','2024-07-17 03:11:24'),(402,100,29.99,134,'2024-07-17 03:11:24','2024-07-17 03:11:24'),(403,100,9.99,135,'2024-07-17 03:14:24','2024-07-17 03:14:24'),(404,100,16.99,135,'2024-07-17 03:14:24','2024-07-17 03:14:24'),(405,100,29.99,135,'2024-07-17 03:14:24','2024-07-17 03:14:24'),(406,100,10.99,136,'2024-07-17 03:18:27','2024-07-17 03:18:27'),(407,100,17.99,136,'2024-07-17 03:18:27','2024-07-17 03:18:27'),(408,100,21.99,136,'2024-07-17 03:18:27','2024-07-17 03:18:27'),(409,100,6.99,137,'2024-07-17 03:20:58','2024-07-17 03:20:58'),(410,100,12.99,137,'2024-07-17 03:20:58','2024-07-17 03:20:58'),(411,100,20.99,137,'2024-07-17 03:20:58','2024-07-17 03:20:58');
/*!40000 ALTER TABLE `product_variants` ENABLE KEYS */;
UNLOCK TABLES;

--
-- Table structure for table `products`
--

DROP TABLE IF EXISTS `products`;
/*!40101 SET @saved_cs_client     = @@character_set_client */;
/*!50503 SET character_set_client = utf8mb4 */;
CREATE TABLE `products` (
  `id` bigint unsigned NOT NULL AUTO_INCREMENT,
  `name` varchar(255) CHARACTER SET utf8mb4 COLLATE utf8mb4_unicode_ci NOT NULL,
  `description` text CHARACTER SET utf8mb4 COLLATE utf8mb4_unicode_ci NOT NULL,
  `type` varchar(255) CHARACTER SET utf8mb4 COLLATE utf8mb4_unicode_ci NOT NULL,
  `category_id` bigint unsigned NOT NULL,
  `created_at` timestamp NULL DEFAULT NULL,
  `updated_at` timestamp NULL DEFAULT NULL,
  PRIMARY KEY (`id`),
  KEY `products_category_id_foreign` (`category_id`),
  CONSTRAINT `products_category_id_foreign` FOREIGN KEY (`category_id`) REFERENCES `categories` (`id`) ON DELETE CASCADE
) ENGINE=InnoDB AUTO_INCREMENT=138 DEFAULT CHARSET=utf8mb4 COLLATE=utf8mb4_unicode_ci;
/*!40101 SET character_set_client = @saved_cs_client */;

--
-- Dumping data for table `products`
--

LOCK TABLES `products` WRITE;
/*!40000 ALTER TABLE `products` DISABLE KEYS */;
INSERT INTO `products` VALUES (1,'Plastic Pot','Made of durable plastic material, suitable for indoor and outdoor use.','variable',4,'2024-07-12 08:31:51','2024-07-12 08:31:51'),(2,'Clay Pot','Crafted from natural clay, provides good breathability for plant roots.','variable',4,'2024-07-12 08:31:51','2024-07-12 08:31:51'),(3,'Ceramic Pot','Elegant ceramic design, ideal for decorative purposes indoors.','variable',4,'2024-07-12 08:31:51','2024-07-12 08:31:51'),(4,'Plastic Container','Sturdy plastic container suitable for planting various types of plants.','variable',5,'2024-07-12 08:33:23','2024-07-12 08:33:23'),(5,'Wooden Planter','Handcrafted wooden planter for a natural look in your garden.','variable',5,'2024-07-12 08:33:23','2024-07-12 08:33:23'),(6,'Metal Planter','Durable metal pot with drainage holes for optimal plant health.','variable',5,'2024-07-12 08:33:23','2024-07-12 08:33:23'),(7,'The Garden Against Time: In Search of a Common Paradise','Inspired by the restoration of her own garden, \"imaginative and empathetic critic\" (NPR) Olivia Laing embarks on an exhilarating investigation of paradise.','variable',2,'2024-07-14 10:00:02','2024-07-14 10:00:02'),(8,'The Old Farmer`s Almanac Vegetable Gardener`s Handbook (Old Farmer`s Almanac (Paperback))','The Old Farmer`s Almanac, founded in 1792, has a strong presence in the gardening information field that includes such products as the annual Garden Guide (available in both print and digital formats), the Garden Planner (an interactive online resource for planning and recording garden activities), the Gardening calendar (a perennial favorite of gardeners and nature lovers for more than 45 years that has been the #1 best-seller in garden calendars on Amazon), and the Gardening Club (a membership opportunity that offers people a selection of Old Farmers','variable',2,'2024-07-14 10:00:02','2024-07-14 10:00:02'),(9,'The Complete Gardener: A Practical, Imaginative Guide to Every Aspect of Gardening','The most comprehensive, practical, and highly illustrated book Monty has ever written, it covers what he believes are the most important aspects of gardening. Organic techniques have always been at the core of his practice, but this new edition picks up on another key principle: the need to provide habitats in your garden for local wildlife.','variable',2,'2024-07-14 10:00:02','2024-07-14 10:00:02'),(10,'Seed to Table: A Seasonal Guide to Organically Growing, Cooking, and Preserving Food at Home (Kitchen Garden, Urban Gardening)','Gardening, cooking, and eating done right! Seed to Table focuses on how to feed your family with nutritious foods from your own outdoor, home and/or kitchen garden. Whether you live in a city or in the country, this book gives you tools on effective growing techniques, seed starting methods, and garden maintenance.','variable',2,'2024-07-14 10:00:02','2024-07-14 10:00:02'),(11,'Floret Farm`s Cut Flower Garden: Grow, Harvest, and Arrange Stunning Seasonal Blooms (Floret Farms x Chronicle Books)','\"Among a sea of new florists and floral books, Floret Flowers stands out. Erin Benzakein`s integrity, openness and passion for flowers is unmistakable. In her debut book she not only introduces us to the basics of growing our own flowers, she shares her deep love and understanding of gardening in a way that will leave even the most doubtful grower feeling inspired to get their hands in the dirt.\"Grace Bonney, founder of Design*Sponge and author of In the Company of Women','variable',2,'2024-07-14 10:00:02','2024-07-14 10:00:02'),(12,'The Complete Gardener`s Guide: The One-Stop Guide to Plan, Sow, Plant, and Grow Your Garden','Dreaming of having the perfect garden? Does it have a vegetable patch? Classic borders or flowers to attract wildlife? A picturesque garden for all to marvel at is achievable with this gardening guide, which gives you vital tools to achieve whatever you desire for your dream garden. ','variable',2,'2024-07-14 10:00:02','2024-07-14 10:00:02'),(13,'Raised-Bed Gardening for Beginners: Everything You Need to Know to Start and Sustain a Thriving Garden','Are you interested in creating a bountiful garden but worried that you don`t have enough space? Raised-Bed Gardening for Beginners shows you how simple it can be to plan, build, and grow your own raised-bed garden in whatever space is available. Learn to build your bed, select the right plants, grow your own vegetables, and much more. This book makes it easy for even inexperienced gardeners to serve up freshly picked vegetables and herbs in no time.','variable',2,'2024-07-14 10:00:02','2024-07-14 10:00:02'),(14,'All New Square Foot Gardening, 3rd Edition, Fully Updated: MORE Projects - NEW Solutions - GROW Vegetables Anywhere','Since Square Foot Gardening was first introduced by Mel Bartholomew in 1981, this revolutionary way to grow vegetables has helped millions of home gardeners enjoy their own organic, fresh produce in less space and with less work than traditional row gardens.','variable',2,'2024-07-14 10:00:02','2024-07-14 10:00:02'),(15,'The Ultimate Raised Bed & Container Gardening Guide For Beginners: Grow Your Own Vegetables, Herbs, Fruits, and Cut Flowers with this Amazing Handbook ... Family, Fertility, and Maternal Wellness','Welcome to the lush and vibrant world of raised bed and container gardening! Whether you`re a city dweller with limited outdoor space, a suburbanite looking to maximize your backyard, or just someone who enjoys the convenience of portable plots, \"The Ultimate Raised Bed & Container Gardening Guide For Beginners\" is your key to unlocking the joy and benefits of homegrown produce and blooms.','variable',2,'2024-07-14 10:00:02','2024-07-14 10:00:02'),(16,'The Drunken Botanist: The Plants that Create the Worlds Great Drinks: 10th Anniversary Edition','The New York Times-bestselling guide to botany and booze celebrates its 10th anniversary with an updated editionnow including a guide to planting your very own cocktail garden to go with more than fifty drink recipes. This fascinating, go-to text about the plants that make our drinks is the ideal gift book for every cocktail aficionado, the perfect drinks book for every plant-lover.','variable',2,'2024-07-14 10:00:02','2024-07-14 10:00:02'),(17,'Garden Shovel','Heavy-duty garden shovel for all your digging needs.','variable',6,'2024-07-14 10:07:11','2024-07-14 10:07:11'),(18,'Hand Trowel','Perfect for small digging tasks in the garden.','variable',6,'2024-07-14 10:07:11','2024-07-14 10:07:11'),(19,'Garden Hoe','Versatile garden hoe for digging and weeding.','variable',6,'2024-07-14 10:07:11','2024-07-14 10:07:11'),(20,'Bulb Planter','Specialized tool for planting bulbs with ease.','variable',6,'2024-07-14 10:07:11','2024-07-14 10:07:11'),(21,'Spading Fork','Sturdy spading fork for turning and aerating soil.','variable',6,'2024-07-14 10:07:11','2024-07-14 10:07:11'),(22,'Pruning Shears','Sharp pruning shears for precise cutting.','variable',7,'2024-07-14 10:07:20','2024-07-14 10:07:20'),(23,'Lopping Shears','Ideal for cutting thicker branches.','variable',7,'2024-07-14 10:07:20','2024-07-14 10:07:20'),(24,'Hedge Trimmer','Electric hedge trimmer for easy maintenance.','single',7,'2024-07-14 10:07:20','2024-07-14 10:07:20'),(25,'Pruning Saw','Compact pruning saw for cutting larger branches.','single',7,'2024-07-14 10:07:20','2024-07-14 10:07:20'),(26,'Flower Scissors','Perfect for trimming flowers and small plants.','variable',7,'2024-07-14 10:07:20','2024-07-14 10:07:20'),(27,'Garden Hose','Flexible garden hose for all your watering needs.','single',8,'2024-07-14 10:07:30','2024-07-14 10:07:30'),(28,'Watering Can','Classic watering can for precise watering.','variable',8,'2024-07-14 10:07:30','2024-07-14 10:07:30'),(29,'Sprinkler','Automatic sprinkler system for even watering.','single',8,'2024-07-14 10:07:30','2024-07-14 10:07:30'),(30,'Soaker Hose','Efficient soaker hose for deep root watering.','single',8,'2024-07-14 10:07:30','2024-07-14 10:07:30'),(31,'Watering Wand','Extendable watering wand for hard-to-reach plants.','single',8,'2024-07-14 10:07:30','2024-07-14 10:07:30'),(32,'Handheld Sprayer','Easy-to-use handheld sprayer for pesticides.','variable',9,'2024-07-14 10:07:35','2024-07-14 10:07:35'),(33,'Backpack Sprayer','High-capacity backpack sprayer for larger areas.','single',9,'2024-07-14 10:07:35','2024-07-14 10:07:35'),(34,'Pump Sprayer','Efficient pump sprayer for garden use.','single',9,'2024-07-14 10:07:35','2024-07-14 10:07:35'),(35,'Electric Sprayer','Battery-powered sprayer for effortless application.','single',9,'2024-07-14 10:07:35','2024-07-14 10:07:35'),(36,'Spray Bottle','Simple spray bottle for small-scale pesticide application.','variable',9,'2024-07-14 10:07:35','2024-07-14 10:07:35'),(37,'Garden Rake','Durable garden rake for clearing debris.','variable',10,'2024-07-14 10:10:15','2024-07-14 10:10:15'),(38,'Leaf Blower','Powerful leaf blower for easy cleanup.','single',10,'2024-07-14 10:10:15','2024-07-14 10:10:15'),(39,'Garden Broom','Sturdy garden broom for sweeping paths and patios.','variable',10,'2024-07-14 10:10:15','2024-07-14 10:10:15'),(40,'Cleaning Brush','Tough cleaning brush for garden tools.','variable',10,'2024-07-14 10:10:15','2024-07-14 10:10:15'),(41,'Wheelbarrow','Heavy-duty wheelbarrow for transporting garden waste.','single',10,'2024-07-14 10:10:15','2024-07-14 10:10:15'),(42,'Golden Pot','<p>Experience the epitome of luxury and elegance with our exquisite Golden Pot. Crafted with meticulous attention to detail, this stunning piece is more than just a pot; it\'s a symbol of sophistication and opulence.</p>','variable',4,'2024-07-16 20:22:25','2024-07-16 20:22:25'),(43,'Silver Pot','<p>Silver Pot</p>','variable',4,'2024-07-16 20:27:58','2024-07-16 20:27:58'),(44,'Concrete Pot','<p><span style=\"background-color:rgb(255,255,255);color:rgb(15,17,17);\">Concrete pot</span></p>','variable',4,'2024-07-16 20:33:01','2024-07-16 20:33:01'),(45,'Resin Pot','<p>Resin</p>','variable',4,'2024-07-16 20:35:49','2024-07-16 20:35:49'),(46,'Natural Seaweed Pot','<p><span style=\"background-color:rgb(255,255,255);color:rgb(15,17,17);\">Natural Seaweed</span></p>','variable',4,'2024-07-16 20:39:14','2024-07-16 20:39:14'),(47,'Polypropylene','<p>Polypropylene</p>','variable',5,'2024-07-16 20:42:07','2024-07-16 20:42:07'),(48,'Self Watering Box','<p>Self Watering Planter Box</p>','variable',5,'2024-07-16 20:45:40','2024-07-16 20:45:40'),(50,'Dia Round Planter','<p>Dia Round Concrete Planter</p>','variable',5,'2024-07-16 20:50:37','2024-07-16 20:50:37'),(51,'Natural & Organic Potting Soil','<p>Natural &amp; Organic Potting Soil</p>','single',12,'2024-07-16 22:15:46','2024-07-16 22:15:46'),(52,'Espoma Organic Potting Soil Mix','<p>Espoma Organic Potting Soil Mix</p>','single',12,'2024-07-16 22:20:22','2024-07-16 22:20:22'),(53,'Professional Grade Plantation Products Vermiculite','<p>Professional Grade Plantation Products Vermiculite</p>','single',12,'2024-07-16 22:22:09','2024-07-16 22:22:09'),(54,'Premium All Purpose Potting Soil','<p>Premium All Purpose Potting Soil</p>','single',12,'2024-07-16 22:45:11','2024-07-16 22:45:11'),(55,'Organic Moisture Mix Potting Soil','<p>Organic Moisture Mix Potting Soil</p>','single',12,'2024-07-16 22:46:01','2024-07-16 22:46:01'),(56,'Succulent and Cactus Potting Soil Mix','<p>Succulent and Cactus Potting Soil Mix</p>','single',12,'2024-07-16 22:46:55','2024-07-16 22:46:55'),(57,'Desert Sand Soil Cover','<p>Desert Sand Soil Cover</p>','single',12,'2024-07-16 22:48:14','2024-07-16 22:48:14'),(58,'Black Sand Soil Cover','<p>Black Sand Soil Cover</p>','single',12,'2024-07-16 22:48:51','2024-07-16 22:48:51'),(59,'Big Bloom Liquid Concentrate Fertilizer','<p>Big Bloom Liquid Concentrate Fertilizer</p>','single',13,'2024-07-16 22:49:57','2024-07-16 22:49:57'),(60,'Big Hydro Liquid Concentrate Fertilizer','<p>Big Hydro Liquid Concentrate Fertilizer</p>','single',13,'2024-07-16 22:50:57','2024-07-16 22:50:57'),(61,'All Purpose Liquid Fertilizer','<p>All Purpose Liquid Fertilizer</p>','single',13,'2024-07-16 22:52:00','2024-07-16 22:52:00'),(62,'True Organic Garden Lime','<p>True Organic Garden Lime</p>','single',13,'2024-07-16 22:58:30','2024-07-16 22:58:30'),(63,'Garden Grower Fertilizer with Pelletized Lime and Micronutrients','<p>Garden Grower Fertilizer with Pelletized Lime and Micronutrients</p>','single',13,'2024-07-16 22:59:10','2024-07-16 22:59:10'),(64,'Concentrated Liquid Garden Fertilizer','<p>Concentrated Liquid Garden Fertilizer</p>','single',13,'2024-07-16 23:00:03','2024-07-16 23:00:03'),(65,'All Purpose Water-Soluble Fertilizer with Micronutrients','<p>All Purpose Water-Soluble Fertilizer with Micronutrients</p>','single',13,'2024-07-16 23:01:28','2024-07-16 23:01:28'),(66,'Weed Preventer Plus Plant Food','<p>Weed Preventer Plus Plant Food</p>','single',13,'2024-07-16 23:02:18','2024-07-16 23:02:18'),(67,'Snowball Cauliflower Seeds for Planting','<p>Snowball Cauliflower Seeds for Planting</p>','variable',15,'2024-07-16 23:06:58','2024-07-16 23:06:58'),(68,'Cabbage Seeds for Planting','<p>Cabbage Seeds for Planting</p>','variable',15,'2024-07-16 23:09:26','2024-07-16 23:09:26'),(69,'Beet Seeds for Planting','<p>Beet Seeds for Planting</p>','variable',15,'2024-07-16 23:12:54','2024-07-16 23:12:54'),(70,'Japanese Daikon Radish Seeds for Planting','<p>Japanese Daikon Radish Seeds for Planting</p>','variable',15,'2024-07-16 23:13:56','2024-07-16 23:13:56'),(71,'Red Bunching Apache Onion Seeds for Planting','<p>Red Bunching Apache Onion Seeds for Planting</p>','variable',15,'2024-07-16 23:16:33','2024-07-16 23:16:33'),(72,'Collard Green Seeds for Planting','<p>Collard Green Seeds for Planting</p>','variable',15,'2024-07-16 23:17:33','2024-07-16 23:17:33'),(73,'Rainbow Carrot Seeds for Planting','<p>Rainbow Carrot Seeds for Planting</p>','variable',15,'2024-07-16 23:18:34','2024-07-16 23:18:34'),(74,'Organic Broccoli Seeds for Planting','<p>Organic Broccoli Seeds for Planting</p>','variable',15,'2024-07-16 23:19:34','2024-07-16 23:19:34'),(75,'Orange Seeds for Planting','<p>Orange Seeds for Planting</p>','variable',16,'2024-07-16 23:28:15','2024-07-16 23:28:15'),(76,'Pineapple Seeds for Planting','<p>Pineapple Seeds for Planting</p>','variable',16,'2024-07-16 23:29:23','2024-07-16 23:29:23'),(77,'Cherry Seeds for Planting','<p>Cherry Seeds for Planting</p>','variable',16,'2024-07-16 23:30:14','2024-07-16 23:30:14'),(78,'Strawberry Seeds for Planting','<p>Strawberry Seeds for Planting</p>','variable',16,'2024-07-16 23:33:43','2024-07-16 23:33:43'),(79,'Avocado Seeds for Planting','<p>Avocado Seeds for Planting</p>','variable',16,'2024-07-16 23:40:36','2024-07-16 23:40:36'),(80,'Apple Seeds for Planting','<p>Apple Seeds for Planting</p>','variable',16,'2024-07-16 23:41:22','2024-07-16 23:41:22'),(81,'Banana Seeds for Planting','<p>Banana Seeds for Planting</p>','variable',16,'2024-07-16 23:42:05','2024-07-16 23:42:05'),(82,'Watermelon Seeds for Planting','<p>Watermelon Seeds for Planting</p>','variable',16,'2024-07-16 23:43:03','2024-07-16 23:43:03'),(83,'Basil Seeds for Planting','<p>Basil Seeds for Planting</p>','variable',17,'2024-07-16 23:58:23','2024-07-16 23:58:23'),(84,'Rosemary Seeds for Planting','<p>Rosemary Seeds for Planting</p>','variable',17,'2024-07-16 23:59:08','2024-07-16 23:59:08'),(85,'Oregano Seeds for Planting','<p>Oregano Seeds for Planting</p>','variable',17,'2024-07-17 00:00:04','2024-07-17 00:00:04'),(86,'Parsley Seeds for Planting','<p>Parsley Seeds for Planting</p>','variable',17,'2024-07-17 00:00:45','2024-07-17 00:00:45'),(87,'Cinnamon Seeds for Planting','<p>Cinnamon Seeds for Planting</p>','variable',17,'2024-07-17 00:01:32','2024-07-17 00:01:32'),(88,'Almond Seeds for Planting','<p>Almond Seeds for Planting</p>','variable',17,'2024-07-17 00:02:32','2024-07-17 00:02:32'),(89,'Vanilla Seeds for Planting','<p>Vanilla Seeds for Planting</p>','variable',17,'2024-07-17 00:03:26','2024-07-17 00:03:26'),(90,'Star Anise Seeds for Planting','<p>Star Anise Seeds for Planting</p>','variable',17,'2024-07-17 00:04:23','2024-07-17 00:04:23'),(91,'Rose Seeds for Planting','<p>Rose Seeds for Planting</p>','variable',18,'2024-07-17 00:18:40','2024-07-17 00:18:40'),(92,'Hibicus Seeds for Planting','<p>Hibicus Seeds for Planting</p>','variable',18,'2024-07-17 00:19:52','2024-07-17 00:19:52'),(93,'Sunflower Seeds for Planting','<p>Sunflower Seeds for Planting</p>','variable',18,'2024-07-17 00:20:51','2024-07-17 00:20:51'),(94,'Tulip Seeds for Planting','<p>Tulip Seeds for Planting</p>','variable',18,'2024-07-17 00:25:11','2024-07-17 00:25:11'),(95,'Lotus Seeds for Planting','<p>Lotus Seeds for Planting</p>','variable',18,'2024-07-17 00:28:05','2024-07-17 00:28:05'),(97,'Marigold Seeds for Planting','<p>Marigold Seeds for Planting</p>','variable',18,'2024-07-17 00:31:34','2024-07-17 00:31:34'),(98,'Jasmine Seeds for Planting','<p>Jasmine Seeds for Planting</p>','variable',18,'2024-07-17 00:34:59','2024-07-17 00:34:59'),(99,'Plumeria Seeds for Planting','<p>Plumeria Seeds for Planting</p>','variable',18,'2024-07-17 00:37:08','2024-07-17 00:37:08'),(100,'Multipurpose Garden Insect Killer','<p>Multipurpose Garden Insect Killer</p>','variable',20,'2024-07-17 00:42:41','2024-07-17 00:42:41'),(101,'Bonide Captain Jack\'s Insecticidal Super Soap','<p>Bonide Captain Jack\'s Insecticidal Super Soap</p>','variable',20,'2024-07-17 00:44:49','2024-07-17 00:44:49'),(102,'Bonide Captain Jack\'s Tomato & Vegetable Spray','<p>Bonide Captain Jack\'s Tomato &amp; Vegetable Spray</p>','variable',20,'2024-07-17 00:46:49','2024-07-17 00:46:49'),(103,'Cold Pressed Neem Oil','<p>Concentrated Cold Pressed Neem Oil</p>','variable',20,'2024-07-17 00:52:53','2024-07-17 01:06:09'),(104,'Insect & Disease Control Spray','<p>Insect &amp; Disease Control Spray</p>','variable',20,'2024-07-17 00:54:57','2024-07-17 00:54:57'),(105,'Insect Mite & Disease RTU Trigger Pest Controller','<p>Insect Mite &amp; Disease RTU Trigger Pest Controller</p>','variable',20,'2024-07-17 00:56:55','2024-07-17 00:56:55'),(106,'Insect, Disease and Mite Control','<p>Insect, Disease and Mite Control</p>','variable',20,'2024-07-17 01:00:15','2024-07-17 01:00:15'),(107,'Plant and Garden Pest Control Spray','<p>Plant and Garden Pest Control Spray</p>','variable',20,'2024-07-17 01:02:58','2024-07-17 01:02:58'),(108,'Horticultural Oil Spray','<p>Horticultural Oil Spray</p>','variable',21,'2024-07-17 01:09:41','2024-07-17 01:09:41'),(109,'Insecticidal Soap','<p>Insecticidal Soap</p>','variable',21,'2024-07-17 01:12:09','2024-07-17 01:12:09'),(110,'Insect Control','<p>Insect Control</p>','variable',21,'2024-07-17 01:15:20','2024-07-17 01:15:20'),(111,'Fruit Tree & Vegetable Systemic Soil Drench','<p>Fruit Tree &amp; Vegetable Systemic Soil Drench</p>','variable',21,'2024-07-17 01:29:02','2024-07-17 01:29:02'),(112,'Vegetable Oil Spray','<p><span style=\"background-color:rgb(255,255,255);color:rgb(57,56,69);\">Homemade, natural pesticide made from vegetable oil mixed with a mild soap (such as </span>Dr. Bronner\'s Castile soap<span style=\"background-color:rgb(255,255,255);color:rgb(57,56,69);\">) can have a devastating effect on certain troublesome insects, such as aphids, mites, thrips, etc.</span></p>','variable',22,'2024-07-17 01:49:32','2024-07-17 01:49:32'),(113,'Soap Spray','<p><span style=\"background-color:rgb(255,255,255);color:rgb(57,56,69);\">A very similar homemade, natural pesticide to the oil spray is a soap spray, which is also effective for controlling spider mites, aphids, scale crawlers, mealybugs, whiteflies, beetles, and other hungry insects.</span></p>','variable',22,'2024-07-17 01:50:29','2024-07-17 01:50:29'),(114,'Neem Oil Spray','<p><span style=\"background-color:rgb(255,255,255);color:rgb(57,56,69);\">An oil extracted from the seeds of the neem tree is a powerful natural pesticide, capable of disrupting the life cycle of insects at all stages (adult, larvae, and egg), making it a great resource for the organic gardener.</span></p>','variable',22,'2024-07-17 01:51:23','2024-07-17 01:51:23'),(115,'Diatomaceous Earth','<p><span style=\"background-color:rgb(255,255,255);color:rgb(57,56,69);\">This natural substance with a somewhat unwieldy name is made from a sedimentary rock created by fossilized algae (diatoms), and which is a rather abundant resource (diatomaceous earth is said to make up 26 percent of the earth\'s crust by weight).</span></p>','variable',22,'2024-07-17 01:57:35','2024-07-17 01:57:35'),(116,'Garlic Spray','<p><span style=\"background-color:rgb(255,255,255);color:rgb(57,56,69);\">Garlic is well-known for its pungent aroma, which is delectable to some and yet repellent to others, and it is this strong scent that comes into play when used as a natural pesticide. Actually, it\'s not really clear if garlic spray and chile spray (below) are actually insecticides or are more likely insect repellents, but either way, these common kitchen ingredients can be used to knock down, or even knock out, insect infestations in the garden.</span></p>','variable',22,'2024-07-17 01:58:36','2024-07-17 01:58:36'),(117,'Chile Pepper Spray','<p><span style=\"background-color:rgb(255,255,255);color:rgb(57,56,69);\">Similar to garlic spray, chile pepper spray is a great homemade, natural insect repellent that can be used for a variety of different pests. Chile spray can be made from either fresh hot peppers or chile pepper powder.</span></p>','variable',22,'2024-07-17 01:59:41','2024-07-17 01:59:41'),(118,'All-in-One Homemade Spray','<p><span style=\"background-color:rgb(255,255,255);color:rgb(57,56,69);\">From the folks at Rodale\'s Organic Life comes this all-in-one DIY natural pesticide, which is said to be a combination of many different recipes submitted by readers.</span></p>','variable',22,'2024-07-17 02:00:37','2024-07-17 02:00:37'),(119,'Tomato Leaf Spray','<p><span style=\"background-color:rgb(255,255,255);color:rgb(57,56,69);\">Tomato plants are part of the nightshade family, and as such, contain alkaloids such as the aptly named \"tomatine,\" which can effectively control aphids and other insects.</span><span style=\"background-color:rgb(235,235,243);color:rgb(40,40,40);\"><strong>5</strong></span><span style=\"background-color:rgb(255,255,255);color:rgb(57,56,69);\"> To make tomato leaf spray for a natural pesticide, chop two cups of fresh tomato leaves (which can be taken from the bottom part of the plant) into one quart of water, and let steep overnight. Strain out the plant material and spray onto plant foliage.</span></p>','variable',22,'2024-07-17 02:01:24','2024-07-17 02:01:24'),(120,'Mini Dragon Playing with Ladybug Statue','<p>Mini Dragon Playing with Ladybug</p>','single',24,'2024-07-17 02:08:45','2024-07-17 02:25:51'),(121,'Mini Red Dragon Playing with Butterfly Statue','<p>Mini Red Dragon Playing with Butterfly</p>','single',24,'2024-07-17 02:10:02','2024-07-17 02:26:07'),(122,'Frog Reading Book on Turtle Statue','<p>Frog Reading Book on Turtle Statue</p>','single',24,'2024-07-17 02:11:36','2024-07-17 02:11:36'),(123,'Mini Dragon Statue','<p>Mini Dragon Statue</p>','single',24,'2024-07-17 02:18:48','2024-07-17 02:18:48'),(124,'Frog Flower Pot Hugger Figurines','<p>Frog Flower Pot Hugger Figurines</p>','single',24,'2024-07-17 02:20:04','2024-07-17 02:20:04'),(125,'Mini Dragon Reading Figurine','<p>Mini Dragon Reading Figurine</p>','single',24,'2024-07-17 02:22:36','2024-07-17 02:22:36'),(126,'Mini Dragon Roaring Statue','<p>Mini Dragon Roaring Statue</p>','single',24,'2024-07-17 02:24:14','2024-07-17 02:24:14'),(127,'Mini Dragons Cuddling Figurine','<p>Mini Dragons Cuddling Figurine</p>','single',24,'2024-07-17 02:25:26','2024-07-17 02:25:26'),(128,'Natural Decorative White Bean Pebbles','<p>Natural Decorative White Bean Pebbles</p>','variable',25,'2024-07-17 02:38:02','2024-07-17 02:38:02'),(129,'River Rock','<p>River Rock</p>','variable',25,'2024-07-17 02:44:07','2024-07-17 02:44:07'),(130,'Succulent and Cactus Gravel Pebbles','<p>Succulent and Cactus Gravel Pebbles</p>','variable',25,'2024-07-17 02:50:10','2024-07-17 02:50:10'),(131,'Succulent and Cactus White Pebbles','<p>Succulent and Cactus White Pebbles</p>','variable',25,'2024-07-17 02:58:50','2024-07-17 02:58:50'),(132,'Succulent and Cactus Colorful Pebbles','<p>Succulent and Cactus Colorful Pebbles</p>','variable',25,'2024-07-17 03:08:39','2024-07-17 03:08:39'),(133,'Succulent and Cactus Jade Pebbles','<p>Succulent and Cactus Jade Pebbles</p>','variable',25,'2024-07-17 03:09:30','2024-07-17 03:09:30'),(134,'Succulent and Cactus Black Pebbles','<p>Succulent and Cactus Black Pebbles</p>','variable',25,'2024-07-17 03:11:24','2024-07-17 03:11:24'),(135,'Crystal Chips Stone Crushed Quartz Glass','<p>Crystal Chips Stone Crushed Quartz Glass</p>','variable',25,'2024-07-17 03:14:24','2024-07-17 03:14:24'),(136,'Rocks Colored Pebbles Polished Agate Stones Glass Marbles','<p>Rocks Colored Pebbles Polished Agate Stones Glass Marbles</p>','variable',25,'2024-07-17 03:18:27','2024-07-17 03:18:27'),(137,'Coarse Sand Stone','<p>Coarse Sand Stone</p>','variable',25,'2024-07-17 03:20:58','2024-07-17 03:20:58');
/*!40000 ALTER TABLE `products` ENABLE KEYS */;
UNLOCK TABLES;

--
-- Table structure for table `sessions`
--

DROP TABLE IF EXISTS `sessions`;
/*!40101 SET @saved_cs_client     = @@character_set_client */;
/*!50503 SET character_set_client = utf8mb4 */;
CREATE TABLE `sessions` (
  `id` varchar(255) CHARACTER SET utf8mb4 COLLATE utf8mb4_unicode_ci NOT NULL,
  `user_id` bigint unsigned DEFAULT NULL,
  `ip_address` varchar(45) CHARACTER SET utf8mb4 COLLATE utf8mb4_unicode_ci DEFAULT NULL,
  `user_agent` text CHARACTER SET utf8mb4 COLLATE utf8mb4_unicode_ci,
  `payload` longtext CHARACTER SET utf8mb4 COLLATE utf8mb4_unicode_ci NOT NULL,
  `last_activity` int NOT NULL,
  PRIMARY KEY (`id`),
  KEY `sessions_user_id_index` (`user_id`),
  KEY `sessions_last_activity_index` (`last_activity`)
) ENGINE=InnoDB DEFAULT CHARSET=utf8mb4 COLLATE=utf8mb4_unicode_ci;
/*!40101 SET character_set_client = @saved_cs_client */;

--
-- Dumping data for table `sessions`
--

LOCK TABLES `sessions` WRITE;
/*!40000 ALTER TABLE `sessions` DISABLE KEYS */;
INSERT INTO `sessions` VALUES ('0SBs2OVlNuWbgGPAXr2B62hgB2zgfLelxd7PPhrA',2,'127.0.0.1','Mozilla/5.0 (Windows NT 10.0; Win64; x64) AppleWebKit/537.36 (KHTML, like Gecko) Chrome/126.0.0.0 Safari/537.36','YTo2OntzOjY6Il90b2tlbiI7czo0MDoiQnhwdXJXRE1WZHdqczBEa2J4dzNQQndJek54QUdDbko5b3dPNEhSZSI7czo5OiJfcHJldmlvdXMiO2E6MTp7czozOiJ1cmwiO3M6MjE6Imh0dHA6Ly8xMjcuMC4wLjE6ODAwMCI7fXM6NjoiX2ZsYXNoIjthOjI6e3M6Mzoib2xkIjthOjA6e31zOjM6Im5ldyI7YTowOnt9fXM6NDoiY2FydCI7YTowOnt9czo1OiJhbGVydCI7YTowOnt9czo1MDoibG9naW5fd2ViXzU5YmEzNmFkZGMyYjJmOTQwMTU4MGYwMTRjN2Y1OGVhNGUzMDk4OWQiO2k6Mjt9',1721244489),('KT5Ff8jNv0Tuw5sVu3feXOubam79Xqkd5CVeuqgC',NULL,'127.0.0.1','Mozilla/5.0 (Windows NT 10.0; Win64; x64) AppleWebKit/537.36 (KHTML, like Gecko) Chrome/126.0.0.0 Safari/537.36','YTozOntzOjY6Il90b2tlbiI7czo0MDoiS3dZMDBSa2lscENhb1lVbHg3QXgxSU1wNEVyYlMzdktpT2pRYzdxRSI7czo5OiJfcHJldmlvdXMiO2E6MTp7czozOiJ1cmwiO3M6MzY6Imh0dHA6Ly8xMjcuMC4wLjE6ODAwMC9saXN0LXByb2R1Y3QvNCI7fXM6NjoiX2ZsYXNoIjthOjI6e3M6Mzoib2xkIjthOjA6e31zOjM6Im5ldyI7YTowOnt9fX0=',1721266556),('MJrTrQVcjGD3tIuL5KIrKZ3LkKlcTyXSKl4FZ7h9',NULL,'127.0.0.1','Mozilla/5.0 (Windows NT 10.0; Win64; x64) AppleWebKit/537.36 (KHTML, like Gecko) Chrome/126.0.0.0 Safari/537.36','YTozOntzOjY6Il90b2tlbiI7czo0MDoiQk5FeWdCTDBBVXpiWXZ0dDEzdEdmc0dqdmdDQ1l4OGhZMkprU3VyVCI7czo5OiJfcHJldmlvdXMiO2E6MTp7czozOiJ1cmwiO3M6MjE6Imh0dHA6Ly8xMjcuMC4wLjE6ODAwMCI7fXM6NjoiX2ZsYXNoIjthOjI6e3M6Mzoib2xkIjthOjA6e31zOjM6Im5ldyI7YTowOnt9fX0=',1721266458);
/*!40000 ALTER TABLE `sessions` ENABLE KEYS */;
UNLOCK TABLES;

--
-- Table structure for table `sub_variants`
--

DROP TABLE IF EXISTS `sub_variants`;
/*!40101 SET @saved_cs_client     = @@character_set_client */;
/*!50503 SET character_set_client = utf8mb4 */;
CREATE TABLE `sub_variants` (
  `id` bigint unsigned NOT NULL AUTO_INCREMENT,
  `product_variant_id` bigint unsigned NOT NULL,
  `variant_option_id` bigint unsigned NOT NULL,
  `created_at` timestamp NULL DEFAULT NULL,
  `updated_at` timestamp NULL DEFAULT NULL,
  PRIMARY KEY (`id`),
  KEY `sub_variants_product_variant_id_foreign` (`product_variant_id`),
  KEY `sub_variants_variant_option_id_foreign` (`variant_option_id`),
  CONSTRAINT `sub_variants_product_variant_id_foreign` FOREIGN KEY (`product_variant_id`) REFERENCES `product_variants` (`id`) ON DELETE CASCADE,
  CONSTRAINT `sub_variants_variant_option_id_foreign` FOREIGN KEY (`variant_option_id`) REFERENCES `variant_options` (`id`) ON DELETE CASCADE
) ENGINE=InnoDB AUTO_INCREMENT=682 DEFAULT CHARSET=utf8mb4 COLLATE=utf8mb4_unicode_ci;
/*!40101 SET character_set_client = @saved_cs_client */;

--
-- Dumping data for table `sub_variants`
--

LOCK TABLES `sub_variants` WRITE;
/*!40000 ALTER TABLE `sub_variants` DISABLE KEYS */;
INSERT INTO `sub_variants` VALUES (64,1,1,'2024-07-14 10:34:57','2024-07-14 10:34:57'),(65,1,4,'2024-07-14 10:34:57','2024-07-14 10:34:57'),(66,1,9,'2024-07-14 10:34:57','2024-07-14 10:34:57'),(67,2,1,'2024-07-14 10:34:57','2024-07-14 10:34:57'),(68,2,4,'2024-07-14 10:34:57','2024-07-14 10:34:57'),(69,2,10,'2024-07-14 10:34:57','2024-07-14 10:34:57'),(70,3,1,'2024-07-14 10:34:57','2024-07-14 10:34:57'),(71,3,4,'2024-07-14 10:34:57','2024-07-14 10:34:57'),(72,3,11,'2024-07-14 10:34:57','2024-07-14 10:34:57'),(73,4,1,'2024-07-14 10:34:57','2024-07-14 10:34:57'),(74,4,4,'2024-07-14 10:34:57','2024-07-14 10:34:57'),(75,4,12,'2024-07-14 10:34:57','2024-07-14 10:34:57'),(76,5,1,'2024-07-14 10:34:57','2024-07-14 10:34:57'),(77,5,4,'2024-07-14 10:34:57','2024-07-14 10:34:57'),(78,5,13,'2024-07-14 10:34:57','2024-07-14 10:34:57'),(79,6,2,'2024-07-14 10:34:57','2024-07-14 10:34:57'),(80,6,4,'2024-07-14 10:34:57','2024-07-14 10:34:57'),(81,6,9,'2024-07-14 10:34:57','2024-07-14 10:34:57'),(82,7,2,'2024-07-14 10:34:57','2024-07-14 10:34:57'),(83,7,4,'2024-07-14 10:34:57','2024-07-14 10:34:57'),(84,7,10,'2024-07-14 10:34:57','2024-07-14 10:34:57'),(85,8,2,'2024-07-14 10:34:57','2024-07-14 10:34:57'),(86,8,4,'2024-07-14 10:34:57','2024-07-14 10:34:57'),(87,8,11,'2024-07-14 10:34:57','2024-07-14 10:34:57'),(88,9,2,'2024-07-14 10:34:57','2024-07-14 10:34:57'),(89,9,4,'2024-07-14 10:34:57','2024-07-14 10:34:57'),(90,9,12,'2024-07-14 10:34:57','2024-07-14 10:34:57'),(91,10,2,'2024-07-14 10:34:57','2024-07-14 10:34:57'),(92,10,4,'2024-07-14 10:34:57','2024-07-14 10:34:57'),(93,10,13,'2024-07-14 10:34:57','2024-07-14 10:34:57'),(94,11,3,'2024-07-14 10:34:57','2024-07-14 10:34:57'),(95,11,4,'2024-07-14 10:34:57','2024-07-14 10:34:57'),(96,11,9,'2024-07-14 10:34:57','2024-07-14 10:34:57'),(97,12,3,'2024-07-14 10:34:57','2024-07-14 10:34:57'),(98,12,4,'2024-07-14 10:34:57','2024-07-14 10:34:57'),(99,12,10,'2024-07-14 10:34:57','2024-07-14 10:34:57'),(100,13,3,'2024-07-14 10:34:57','2024-07-14 10:34:57'),(101,13,4,'2024-07-14 10:34:57','2024-07-14 10:34:57'),(102,13,11,'2024-07-14 10:34:57','2024-07-14 10:34:57'),(103,14,3,'2024-07-14 10:34:57','2024-07-14 10:34:57'),(104,14,4,'2024-07-14 10:34:57','2024-07-14 10:34:57'),(105,14,12,'2024-07-14 10:34:57','2024-07-14 10:34:57'),(106,15,3,'2024-07-14 10:34:57','2024-07-14 10:34:57'),(107,15,4,'2024-07-14 10:34:57','2024-07-14 10:34:57'),(108,15,13,'2024-07-14 10:34:57','2024-07-14 10:34:57'),(109,16,1,'2024-07-14 10:46:34','2024-07-14 10:46:34'),(110,16,32,'2024-07-14 10:46:34','2024-07-14 10:46:34'),(111,17,2,'2024-07-14 10:46:34','2024-07-14 10:46:34'),(112,17,32,'2024-07-14 10:46:34','2024-07-14 10:46:34'),(113,18,3,'2024-07-14 10:46:34','2024-07-14 10:46:34'),(114,18,32,'2024-07-14 10:46:34','2024-07-14 10:46:34'),(115,19,1,'2024-07-14 10:49:00','2024-07-14 10:49:00'),(116,19,5,'2024-07-14 10:49:00','2024-07-14 10:49:00'),(117,20,2,'2024-07-14 10:49:00','2024-07-14 10:49:00'),(118,20,5,'2024-07-14 10:49:00','2024-07-14 10:49:00'),(119,21,3,'2024-07-14 10:49:00','2024-07-14 10:49:00'),(120,21,5,'2024-07-14 10:49:00','2024-07-14 10:49:00'),(121,22,1,'2024-07-14 10:50:54','2024-07-14 10:50:54'),(122,22,4,'2024-07-14 10:50:54','2024-07-14 10:50:54'),(123,23,2,'2024-07-14 10:50:54','2024-07-14 10:50:54'),(124,23,4,'2024-07-14 10:50:54','2024-07-14 10:50:54'),(125,24,3,'2024-07-14 10:50:54','2024-07-14 10:50:54'),(126,24,4,'2024-07-14 10:50:54','2024-07-14 10:50:54'),(127,25,1,'2024-07-14 10:52:37','2024-07-14 10:52:37'),(128,25,7,'2024-07-14 10:52:37','2024-07-14 10:52:37'),(129,26,2,'2024-07-14 10:52:37','2024-07-14 10:52:37'),(130,26,7,'2024-07-14 10:52:37','2024-07-14 10:52:37'),(131,27,3,'2024-07-14 10:52:37','2024-07-14 10:52:37'),(132,27,7,'2024-07-14 10:52:37','2024-07-14 10:52:37'),(133,28,1,'2024-07-14 10:55:04','2024-07-14 10:55:04'),(134,28,6,'2024-07-14 10:55:04','2024-07-14 10:55:04'),(135,29,2,'2024-07-14 10:55:04','2024-07-14 10:55:04'),(136,29,6,'2024-07-14 10:55:04','2024-07-14 10:55:04'),(137,30,3,'2024-07-14 10:55:04','2024-07-14 10:55:04'),(138,30,6,'2024-07-14 10:55:04','2024-07-14 10:55:04'),(139,31,14,'2024-07-14 10:58:21','2024-07-14 10:58:21'),(140,32,15,'2024-07-14 10:58:21','2024-07-14 10:58:21'),(141,33,16,'2024-07-14 10:58:21','2024-07-14 10:58:21'),(142,34,14,'2024-07-14 10:58:54','2024-07-14 10:58:54'),(143,35,15,'2024-07-14 10:58:54','2024-07-14 10:58:54'),(144,36,16,'2024-07-14 10:58:54','2024-07-14 10:58:54'),(145,37,14,'2024-07-14 10:59:29','2024-07-14 10:59:29'),(146,38,15,'2024-07-14 10:59:29','2024-07-14 10:59:29'),(147,39,16,'2024-07-14 10:59:29','2024-07-14 10:59:29'),(148,40,14,'2024-07-14 10:59:57','2024-07-14 10:59:57'),(149,41,15,'2024-07-14 10:59:57','2024-07-14 10:59:57'),(150,42,16,'2024-07-14 10:59:57','2024-07-14 10:59:57'),(151,43,14,'2024-07-14 11:00:29','2024-07-14 11:00:29'),(152,44,15,'2024-07-14 11:00:29','2024-07-14 11:00:29'),(153,45,16,'2024-07-14 11:00:29','2024-07-14 11:00:29'),(154,46,14,'2024-07-14 11:00:51','2024-07-14 11:00:51'),(155,47,15,'2024-07-14 11:00:51','2024-07-14 11:00:51'),(156,48,16,'2024-07-14 11:00:51','2024-07-14 11:00:51'),(157,49,14,'2024-07-14 11:01:12','2024-07-14 11:01:12'),(158,50,15,'2024-07-14 11:01:12','2024-07-14 11:01:12'),(159,51,16,'2024-07-14 11:01:12','2024-07-14 11:01:12'),(160,52,14,'2024-07-14 11:01:31','2024-07-14 11:01:31'),(161,53,15,'2024-07-14 11:01:31','2024-07-14 11:01:31'),(162,54,16,'2024-07-14 11:01:31','2024-07-14 11:01:31'),(163,55,14,'2024-07-14 11:01:48','2024-07-14 11:01:48'),(164,56,15,'2024-07-14 11:01:48','2024-07-14 11:01:48'),(165,57,16,'2024-07-14 11:01:48','2024-07-14 11:01:48'),(166,58,14,'2024-07-14 11:02:07','2024-07-14 11:02:07'),(167,59,15,'2024-07-14 11:02:07','2024-07-14 11:02:07'),(168,60,16,'2024-07-14 11:02:07','2024-07-14 11:02:07'),(169,61,1,'2024-07-15 09:53:17','2024-07-15 09:53:17'),(170,61,6,'2024-07-15 09:53:17','2024-07-15 09:53:17'),(171,62,2,'2024-07-15 09:53:17','2024-07-15 09:53:17'),(172,62,6,'2024-07-15 09:53:17','2024-07-15 09:53:17'),(173,63,3,'2024-07-15 09:53:17','2024-07-15 09:53:17'),(174,63,6,'2024-07-15 09:53:17','2024-07-15 09:53:17'),(175,64,1,'2024-07-15 09:54:49','2024-07-15 09:54:49'),(176,64,8,'2024-07-15 09:54:49','2024-07-15 09:54:49'),(177,65,2,'2024-07-15 09:54:49','2024-07-15 09:54:49'),(178,65,8,'2024-07-15 09:54:49','2024-07-15 09:54:49'),(179,66,3,'2024-07-15 09:54:49','2024-07-15 09:54:49'),(180,66,8,'2024-07-15 09:54:49','2024-07-15 09:54:49'),(181,67,1,'2024-07-15 10:00:04','2024-07-15 10:00:04'),(182,67,4,'2024-07-15 10:00:04','2024-07-15 10:00:04'),(183,68,2,'2024-07-15 10:00:04','2024-07-15 10:00:04'),(184,68,4,'2024-07-15 10:00:04','2024-07-15 10:00:04'),(185,69,3,'2024-07-15 10:00:04','2024-07-15 10:00:04'),(186,69,4,'2024-07-15 10:00:04','2024-07-15 10:00:04'),(187,70,1,'2024-07-15 10:02:17','2024-07-15 10:02:17'),(188,70,6,'2024-07-15 10:02:17','2024-07-15 10:02:17'),(189,71,2,'2024-07-15 10:02:17','2024-07-15 10:02:17'),(190,71,6,'2024-07-15 10:02:17','2024-07-15 10:02:17'),(191,72,3,'2024-07-15 10:02:17','2024-07-15 10:02:17'),(192,72,6,'2024-07-15 10:02:17','2024-07-15 10:02:17'),(193,73,1,'2024-07-15 10:06:59','2024-07-15 10:06:59'),(194,73,6,'2024-07-15 10:06:59','2024-07-15 10:06:59'),(195,74,2,'2024-07-15 10:06:59','2024-07-15 10:06:59'),(196,74,6,'2024-07-15 10:06:59','2024-07-15 10:06:59'),(197,75,3,'2024-07-15 10:06:59','2024-07-15 10:06:59'),(198,75,6,'2024-07-15 10:06:59','2024-07-15 10:06:59'),(199,76,1,'2024-07-15 10:17:45','2024-07-15 10:17:45'),(200,76,8,'2024-07-15 10:17:45','2024-07-15 10:17:45'),(201,77,2,'2024-07-15 10:17:45','2024-07-15 10:17:45'),(202,77,8,'2024-07-15 10:17:45','2024-07-15 10:17:45'),(203,78,3,'2024-07-15 10:17:45','2024-07-15 10:17:45'),(204,78,8,'2024-07-15 10:17:45','2024-07-15 10:17:45'),(229,79,1,'2024-07-15 10:23:04','2024-07-15 10:23:04'),(230,79,8,'2024-07-15 10:23:04','2024-07-15 10:23:04'),(231,80,2,'2024-07-15 10:23:04','2024-07-15 10:23:04'),(232,80,8,'2024-07-15 10:23:04','2024-07-15 10:23:04'),(233,81,3,'2024-07-15 10:23:04','2024-07-15 10:23:04'),(234,81,8,'2024-07-15 10:23:04','2024-07-15 10:23:04'),(235,82,1,'2024-07-15 10:23:04','2024-07-15 10:23:04'),(236,82,6,'2024-07-15 10:23:04','2024-07-15 10:23:04'),(237,83,2,'2024-07-15 10:23:04','2024-07-15 10:23:04'),(238,83,6,'2024-07-15 10:23:04','2024-07-15 10:23:04'),(239,84,3,'2024-07-15 10:23:04','2024-07-15 10:23:04'),(240,84,6,'2024-07-15 10:23:04','2024-07-15 10:23:04'),(241,85,1,'2024-07-15 10:25:02','2024-07-15 10:25:02'),(242,85,8,'2024-07-15 10:25:02','2024-07-15 10:25:02'),(243,86,2,'2024-07-15 10:25:02','2024-07-15 10:25:02'),(244,86,8,'2024-07-15 10:25:02','2024-07-15 10:25:02'),(245,87,3,'2024-07-15 10:25:02','2024-07-15 10:25:02'),(246,87,8,'2024-07-15 10:25:02','2024-07-15 10:25:02'),(247,88,1,'2024-07-15 10:25:02','2024-07-15 10:25:02'),(248,88,6,'2024-07-15 10:25:02','2024-07-15 10:25:02'),(249,89,2,'2024-07-15 10:25:02','2024-07-15 10:25:02'),(250,89,6,'2024-07-15 10:25:02','2024-07-15 10:25:02'),(251,90,3,'2024-07-15 10:25:02','2024-07-15 10:25:02'),(252,90,6,'2024-07-15 10:25:02','2024-07-15 10:25:02'),(253,91,1,'2024-07-15 10:25:57','2024-07-15 10:25:57'),(254,91,8,'2024-07-15 10:25:57','2024-07-15 10:25:57'),(255,92,2,'2024-07-15 10:25:57','2024-07-15 10:25:57'),(256,92,8,'2024-07-15 10:25:57','2024-07-15 10:25:57'),(257,93,3,'2024-07-15 10:25:57','2024-07-15 10:25:57'),(258,93,8,'2024-07-15 10:25:57','2024-07-15 10:25:57'),(259,94,1,'2024-07-15 10:25:57','2024-07-15 10:25:57'),(260,94,6,'2024-07-15 10:25:57','2024-07-15 10:25:57'),(261,95,2,'2024-07-15 10:25:57','2024-07-15 10:25:57'),(262,95,6,'2024-07-15 10:25:57','2024-07-15 10:25:57'),(263,96,3,'2024-07-15 10:25:57','2024-07-15 10:25:57'),(264,96,6,'2024-07-15 10:25:57','2024-07-15 10:25:57'),(265,97,1,'2024-07-15 10:27:58','2024-07-15 10:27:58'),(266,97,8,'2024-07-15 10:27:58','2024-07-15 10:27:58'),(267,98,2,'2024-07-15 10:27:58','2024-07-15 10:27:58'),(268,98,8,'2024-07-15 10:27:58','2024-07-15 10:27:58'),(269,99,3,'2024-07-15 10:27:58','2024-07-15 10:27:58'),(270,99,8,'2024-07-15 10:27:58','2024-07-15 10:27:58'),(271,100,1,'2024-07-15 10:27:58','2024-07-15 10:27:58'),(272,100,6,'2024-07-15 10:27:58','2024-07-15 10:27:58'),(273,101,2,'2024-07-15 10:27:58','2024-07-15 10:27:58'),(274,101,6,'2024-07-15 10:27:58','2024-07-15 10:27:58'),(275,102,3,'2024-07-15 10:27:58','2024-07-15 10:27:58'),(276,102,6,'2024-07-15 10:27:58','2024-07-15 10:27:58'),(313,103,6,'2024-07-15 10:54:39','2024-07-15 10:54:39'),(314,104,6,'2024-07-15 10:54:52','2024-07-15 10:54:52'),(315,105,1,'2024-07-15 10:55:32','2024-07-15 10:55:32'),(316,105,8,'2024-07-15 10:55:32','2024-07-15 10:55:32'),(317,106,2,'2024-07-15 10:55:32','2024-07-15 10:55:32'),(318,106,8,'2024-07-15 10:55:32','2024-07-15 10:55:32'),(319,107,3,'2024-07-15 10:55:32','2024-07-15 10:55:32'),(320,107,8,'2024-07-15 10:55:32','2024-07-15 10:55:32'),(321,108,1,'2024-07-15 10:55:32','2024-07-15 10:55:32'),(322,108,6,'2024-07-15 10:55:32','2024-07-15 10:55:32'),(323,109,2,'2024-07-15 10:55:32','2024-07-15 10:55:32'),(324,109,6,'2024-07-15 10:55:32','2024-07-15 10:55:32'),(325,110,3,'2024-07-15 10:55:32','2024-07-15 10:55:32'),(326,110,6,'2024-07-15 10:55:32','2024-07-15 10:55:32'),(327,112,9,'2024-07-15 10:58:55','2024-07-15 10:58:55'),(328,113,10,'2024-07-15 10:58:55','2024-07-15 10:58:55'),(329,114,11,'2024-07-15 10:58:55','2024-07-15 10:58:55'),(330,115,12,'2024-07-15 10:58:55','2024-07-15 10:58:55'),(331,116,13,'2024-07-15 10:58:55','2024-07-15 10:58:55'),(332,117,6,'2024-07-15 11:02:46','2024-07-15 11:02:46'),(333,118,4,'2024-07-15 11:05:47','2024-07-15 11:05:47'),(334,119,6,'2024-07-15 11:07:23','2024-07-15 11:07:23'),(335,120,9,'2024-07-15 11:09:12','2024-07-15 11:09:12'),(336,121,10,'2024-07-15 11:09:12','2024-07-15 11:09:12'),(337,122,11,'2024-07-15 11:09:12','2024-07-15 11:09:12'),(338,123,12,'2024-07-15 11:09:12','2024-07-15 11:09:12'),(339,124,13,'2024-07-15 11:09:12','2024-07-15 11:09:12'),(340,125,4,'2024-07-15 11:10:14','2024-07-15 11:10:14'),(341,126,4,'2024-07-15 11:11:13','2024-07-15 11:11:13'),(342,127,4,'2024-07-15 11:12:40','2024-07-15 11:12:40'),(345,129,4,'2024-07-15 11:15:28','2024-07-15 11:15:28'),(346,129,10,'2024-07-15 11:15:28','2024-07-15 11:15:28'),(347,130,4,'2024-07-15 11:15:28','2024-07-15 11:15:28'),(348,130,11,'2024-07-15 11:15:28','2024-07-15 11:15:28'),(349,131,4,'2024-07-15 11:15:28','2024-07-15 11:15:28'),(350,131,12,'2024-07-15 11:15:28','2024-07-15 11:15:28'),(351,132,4,'2024-07-15 11:15:28','2024-07-15 11:15:28'),(352,132,13,'2024-07-15 11:15:28','2024-07-15 11:15:28'),(353,133,1,'2024-07-15 11:17:51','2024-07-15 11:17:51'),(354,134,2,'2024-07-15 11:17:51','2024-07-15 11:17:51'),(355,135,3,'2024-07-15 11:17:51','2024-07-15 11:17:51'),(356,136,6,'2024-07-15 11:19:15','2024-07-15 11:19:15'),(357,137,9,'2024-07-15 11:21:04','2024-07-15 11:21:04'),(358,138,11,'2024-07-15 11:21:04','2024-07-15 11:21:04'),(359,139,12,'2024-07-15 11:21:04','2024-07-15 11:21:04'),(360,140,1,'2024-07-15 11:22:24','2024-07-15 11:22:24'),(361,141,2,'2024-07-15 11:22:24','2024-07-15 11:22:24'),(362,142,3,'2024-07-15 11:22:24','2024-07-15 11:22:24'),(363,143,6,'2024-07-15 11:23:30','2024-07-15 11:23:30'),(364,145,1,'2024-07-16 20:22:25','2024-07-16 20:22:25'),(365,145,33,'2024-07-16 20:22:25','2024-07-16 20:22:25'),(366,146,2,'2024-07-16 20:22:25','2024-07-16 20:22:25'),(367,146,33,'2024-07-16 20:22:25','2024-07-16 20:22:25'),(368,147,3,'2024-07-16 20:22:25','2024-07-16 20:22:25'),(369,147,33,'2024-07-16 20:22:25','2024-07-16 20:22:25'),(370,148,1,'2024-07-16 20:27:58','2024-07-16 20:27:58'),(371,148,34,'2024-07-16 20:27:58','2024-07-16 20:27:58'),(372,149,2,'2024-07-16 20:27:58','2024-07-16 20:27:58'),(373,149,34,'2024-07-16 20:27:58','2024-07-16 20:27:58'),(374,150,3,'2024-07-16 20:27:58','2024-07-16 20:27:58'),(375,150,34,'2024-07-16 20:27:58','2024-07-16 20:27:58'),(376,151,1,'2024-07-16 20:33:01','2024-07-16 20:33:01'),(377,151,35,'2024-07-16 20:33:01','2024-07-16 20:33:01'),(378,152,2,'2024-07-16 20:33:01','2024-07-16 20:33:01'),(379,152,35,'2024-07-16 20:33:01','2024-07-16 20:33:01'),(380,153,3,'2024-07-16 20:33:01','2024-07-16 20:33:01'),(381,153,35,'2024-07-16 20:33:01','2024-07-16 20:33:01'),(382,154,1,'2024-07-16 20:35:49','2024-07-16 20:35:49'),(383,154,36,'2024-07-16 20:35:49','2024-07-16 20:35:49'),(384,155,2,'2024-07-16 20:35:49','2024-07-16 20:35:49'),(385,155,36,'2024-07-16 20:35:49','2024-07-16 20:35:49'),(386,156,3,'2024-07-16 20:35:49','2024-07-16 20:35:49'),(387,156,36,'2024-07-16 20:35:49','2024-07-16 20:35:49'),(388,157,1,'2024-07-16 20:39:14','2024-07-16 20:39:14'),(389,158,2,'2024-07-16 20:39:14','2024-07-16 20:39:14'),(390,159,3,'2024-07-16 20:39:14','2024-07-16 20:39:14'),(391,160,1,'2024-07-16 20:42:07','2024-07-16 20:42:07'),(392,160,38,'2024-07-16 20:42:07','2024-07-16 20:42:07'),(393,161,2,'2024-07-16 20:42:07','2024-07-16 20:42:07'),(394,161,38,'2024-07-16 20:42:07','2024-07-16 20:42:07'),(395,162,3,'2024-07-16 20:42:07','2024-07-16 20:42:07'),(396,162,38,'2024-07-16 20:42:07','2024-07-16 20:42:07'),(397,163,1,'2024-07-16 20:45:40','2024-07-16 20:45:40'),(398,163,36,'2024-07-16 20:45:40','2024-07-16 20:45:40'),(399,164,2,'2024-07-16 20:45:40','2024-07-16 20:45:40'),(400,164,36,'2024-07-16 20:45:40','2024-07-16 20:45:40'),(401,165,3,'2024-07-16 20:45:40','2024-07-16 20:45:40'),(402,165,36,'2024-07-16 20:45:40','2024-07-16 20:45:40'),(403,166,1,'2024-07-16 20:50:37','2024-07-16 20:50:37'),(404,166,35,'2024-07-16 20:50:37','2024-07-16 20:50:37'),(405,167,2,'2024-07-16 20:50:37','2024-07-16 20:50:37'),(406,167,35,'2024-07-16 20:50:37','2024-07-16 20:50:37'),(407,168,3,'2024-07-16 20:50:37','2024-07-16 20:50:37'),(408,168,35,'2024-07-16 20:50:37','2024-07-16 20:50:37'),(409,185,29,'2024-07-16 23:06:58','2024-07-16 23:06:58'),(410,186,30,'2024-07-16 23:06:58','2024-07-16 23:06:58'),(411,187,31,'2024-07-16 23:06:58','2024-07-16 23:06:58'),(412,188,29,'2024-07-16 23:09:26','2024-07-16 23:09:26'),(413,189,30,'2024-07-16 23:09:26','2024-07-16 23:09:26'),(414,190,31,'2024-07-16 23:09:26','2024-07-16 23:09:26'),(415,191,29,'2024-07-16 23:12:54','2024-07-16 23:12:54'),(416,192,30,'2024-07-16 23:12:54','2024-07-16 23:12:54'),(417,193,31,'2024-07-16 23:12:54','2024-07-16 23:12:54'),(418,194,29,'2024-07-16 23:13:56','2024-07-16 23:13:56'),(419,195,30,'2024-07-16 23:13:56','2024-07-16 23:13:56'),(420,196,31,'2024-07-16 23:13:56','2024-07-16 23:13:56'),(421,197,29,'2024-07-16 23:16:33','2024-07-16 23:16:33'),(422,198,30,'2024-07-16 23:16:33','2024-07-16 23:16:33'),(423,199,31,'2024-07-16 23:16:33','2024-07-16 23:16:33'),(424,200,29,'2024-07-16 23:17:33','2024-07-16 23:17:33'),(425,201,30,'2024-07-16 23:17:33','2024-07-16 23:17:33'),(426,202,31,'2024-07-16 23:17:33','2024-07-16 23:17:33'),(427,203,29,'2024-07-16 23:18:34','2024-07-16 23:18:34'),(428,204,30,'2024-07-16 23:18:34','2024-07-16 23:18:34'),(429,205,31,'2024-07-16 23:18:34','2024-07-16 23:18:34'),(430,206,29,'2024-07-16 23:19:34','2024-07-16 23:19:34'),(431,207,30,'2024-07-16 23:19:34','2024-07-16 23:19:34'),(432,208,31,'2024-07-16 23:19:34','2024-07-16 23:19:34'),(433,209,29,'2024-07-16 23:28:15','2024-07-16 23:28:15'),(434,210,30,'2024-07-16 23:28:15','2024-07-16 23:28:15'),(435,211,31,'2024-07-16 23:28:15','2024-07-16 23:28:15'),(436,212,29,'2024-07-16 23:29:23','2024-07-16 23:29:23'),(437,213,30,'2024-07-16 23:29:23','2024-07-16 23:29:23'),(438,214,31,'2024-07-16 23:29:23','2024-07-16 23:29:23'),(439,215,29,'2024-07-16 23:30:14','2024-07-16 23:30:14'),(440,216,30,'2024-07-16 23:30:14','2024-07-16 23:30:14'),(441,217,31,'2024-07-16 23:30:14','2024-07-16 23:30:14'),(442,218,29,'2024-07-16 23:33:43','2024-07-16 23:33:43'),(443,219,30,'2024-07-16 23:33:43','2024-07-16 23:33:43'),(444,220,31,'2024-07-16 23:33:43','2024-07-16 23:33:43'),(445,221,29,'2024-07-16 23:40:36','2024-07-16 23:40:36'),(446,222,30,'2024-07-16 23:40:36','2024-07-16 23:40:36'),(447,223,31,'2024-07-16 23:40:36','2024-07-16 23:40:36'),(448,224,29,'2024-07-16 23:41:22','2024-07-16 23:41:22'),(449,225,30,'2024-07-16 23:41:22','2024-07-16 23:41:22'),(450,226,31,'2024-07-16 23:41:22','2024-07-16 23:41:22'),(451,227,29,'2024-07-16 23:42:05','2024-07-16 23:42:05'),(452,228,30,'2024-07-16 23:42:05','2024-07-16 23:42:05'),(453,229,31,'2024-07-16 23:42:05','2024-07-16 23:42:05'),(454,230,29,'2024-07-16 23:43:03','2024-07-16 23:43:03'),(455,231,30,'2024-07-16 23:43:03','2024-07-16 23:43:03'),(456,232,31,'2024-07-16 23:43:03','2024-07-16 23:43:03'),(457,233,29,'2024-07-16 23:58:23','2024-07-16 23:58:23'),(458,234,30,'2024-07-16 23:58:23','2024-07-16 23:58:23'),(459,235,31,'2024-07-16 23:58:23','2024-07-16 23:58:23'),(460,236,29,'2024-07-16 23:59:08','2024-07-16 23:59:08'),(461,237,30,'2024-07-16 23:59:08','2024-07-16 23:59:08'),(462,238,31,'2024-07-16 23:59:08','2024-07-16 23:59:08'),(463,239,29,'2024-07-17 00:00:04','2024-07-17 00:00:04'),(464,240,30,'2024-07-17 00:00:04','2024-07-17 00:00:04'),(465,241,31,'2024-07-17 00:00:04','2024-07-17 00:00:04'),(466,242,29,'2024-07-17 00:00:45','2024-07-17 00:00:45'),(467,243,30,'2024-07-17 00:00:45','2024-07-17 00:00:45'),(468,244,31,'2024-07-17 00:00:45','2024-07-17 00:00:45'),(469,245,29,'2024-07-17 00:01:32','2024-07-17 00:01:32'),(470,246,30,'2024-07-17 00:01:32','2024-07-17 00:01:32'),(471,247,31,'2024-07-17 00:01:32','2024-07-17 00:01:32'),(472,248,29,'2024-07-17 00:02:32','2024-07-17 00:02:32'),(473,249,30,'2024-07-17 00:02:32','2024-07-17 00:02:32'),(474,250,31,'2024-07-17 00:02:32','2024-07-17 00:02:32'),(475,251,29,'2024-07-17 00:03:26','2024-07-17 00:03:26'),(476,252,30,'2024-07-17 00:03:26','2024-07-17 00:03:26'),(477,253,31,'2024-07-17 00:03:26','2024-07-17 00:03:26'),(478,254,29,'2024-07-17 00:04:23','2024-07-17 00:04:23'),(479,255,30,'2024-07-17 00:04:23','2024-07-17 00:04:23'),(480,256,31,'2024-07-17 00:04:23','2024-07-17 00:04:23'),(481,257,9,'2024-07-17 00:18:40','2024-07-17 00:18:40'),(482,257,29,'2024-07-17 00:18:40','2024-07-17 00:18:40'),(483,258,9,'2024-07-17 00:18:40','2024-07-17 00:18:40'),(484,258,30,'2024-07-17 00:18:40','2024-07-17 00:18:40'),(485,259,9,'2024-07-17 00:18:40','2024-07-17 00:18:40'),(486,259,31,'2024-07-17 00:18:40','2024-07-17 00:18:40'),(487,260,12,'2024-07-17 00:18:40','2024-07-17 00:18:40'),(488,260,29,'2024-07-17 00:18:40','2024-07-17 00:18:40'),(489,261,12,'2024-07-17 00:18:40','2024-07-17 00:18:40'),(490,261,30,'2024-07-17 00:18:40','2024-07-17 00:18:40'),(491,262,12,'2024-07-17 00:18:40','2024-07-17 00:18:40'),(492,262,31,'2024-07-17 00:18:40','2024-07-17 00:18:40'),(493,263,10,'2024-07-17 00:18:40','2024-07-17 00:18:40'),(494,263,29,'2024-07-17 00:18:40','2024-07-17 00:18:40'),(495,264,10,'2024-07-17 00:18:40','2024-07-17 00:18:40'),(496,264,30,'2024-07-17 00:18:40','2024-07-17 00:18:40'),(497,265,10,'2024-07-17 00:18:40','2024-07-17 00:18:40'),(498,265,31,'2024-07-17 00:18:40','2024-07-17 00:18:40'),(499,266,29,'2024-07-17 00:19:52','2024-07-17 00:19:52'),(500,267,30,'2024-07-17 00:19:52','2024-07-17 00:19:52'),(501,268,31,'2024-07-17 00:19:52','2024-07-17 00:19:52'),(502,269,29,'2024-07-17 00:20:51','2024-07-17 00:20:51'),(503,270,30,'2024-07-17 00:20:51','2024-07-17 00:20:51'),(504,271,31,'2024-07-17 00:20:51','2024-07-17 00:20:51'),(505,272,9,'2024-07-17 00:25:11','2024-07-17 00:25:11'),(506,272,29,'2024-07-17 00:25:11','2024-07-17 00:25:11'),(507,273,9,'2024-07-17 00:25:11','2024-07-17 00:25:11'),(508,273,30,'2024-07-17 00:25:11','2024-07-17 00:25:11'),(509,274,9,'2024-07-17 00:25:11','2024-07-17 00:25:11'),(510,274,31,'2024-07-17 00:25:11','2024-07-17 00:25:11'),(511,275,39,'2024-07-17 00:25:11','2024-07-17 00:25:11'),(512,275,29,'2024-07-17 00:25:11','2024-07-17 00:25:11'),(513,276,39,'2024-07-17 00:25:11','2024-07-17 00:25:11'),(514,276,30,'2024-07-17 00:25:11','2024-07-17 00:25:11'),(515,277,39,'2024-07-17 00:25:11','2024-07-17 00:25:11'),(516,277,31,'2024-07-17 00:25:11','2024-07-17 00:25:11'),(517,278,12,'2024-07-17 00:25:11','2024-07-17 00:25:11'),(518,278,29,'2024-07-17 00:25:11','2024-07-17 00:25:11'),(519,279,12,'2024-07-17 00:25:11','2024-07-17 00:25:11'),(520,279,30,'2024-07-17 00:25:11','2024-07-17 00:25:11'),(521,280,12,'2024-07-17 00:25:11','2024-07-17 00:25:11'),(522,280,31,'2024-07-17 00:25:11','2024-07-17 00:25:11'),(523,281,9,'2024-07-17 00:28:05','2024-07-17 00:28:05'),(524,281,29,'2024-07-17 00:28:05','2024-07-17 00:28:05'),(525,282,9,'2024-07-17 00:28:05','2024-07-17 00:28:05'),(526,282,30,'2024-07-17 00:28:05','2024-07-17 00:28:05'),(527,283,9,'2024-07-17 00:28:05','2024-07-17 00:28:05'),(528,283,31,'2024-07-17 00:28:05','2024-07-17 00:28:05'),(529,284,12,'2024-07-17 00:28:05','2024-07-17 00:28:05'),(530,284,29,'2024-07-17 00:28:05','2024-07-17 00:28:05'),(531,285,12,'2024-07-17 00:28:05','2024-07-17 00:28:05'),(532,285,30,'2024-07-17 00:28:05','2024-07-17 00:28:05'),(533,286,12,'2024-07-17 00:28:05','2024-07-17 00:28:05'),(534,286,31,'2024-07-17 00:28:05','2024-07-17 00:28:05'),(547,293,39,'2024-07-17 00:31:34','2024-07-17 00:31:34'),(548,293,29,'2024-07-17 00:31:34','2024-07-17 00:31:34'),(549,294,39,'2024-07-17 00:31:34','2024-07-17 00:31:34'),(550,294,30,'2024-07-17 00:31:34','2024-07-17 00:31:34'),(551,295,39,'2024-07-17 00:31:34','2024-07-17 00:31:34'),(552,295,31,'2024-07-17 00:31:34','2024-07-17 00:31:34'),(553,296,40,'2024-07-17 00:31:34','2024-07-17 00:31:34'),(554,296,29,'2024-07-17 00:31:34','2024-07-17 00:31:34'),(555,297,40,'2024-07-17 00:31:34','2024-07-17 00:31:34'),(556,297,30,'2024-07-17 00:31:34','2024-07-17 00:31:34'),(557,298,40,'2024-07-17 00:31:34','2024-07-17 00:31:34'),(558,298,31,'2024-07-17 00:31:34','2024-07-17 00:31:34'),(559,299,29,'2024-07-17 00:34:59','2024-07-17 00:34:59'),(560,300,30,'2024-07-17 00:34:59','2024-07-17 00:34:59'),(561,301,31,'2024-07-17 00:34:59','2024-07-17 00:34:59'),(562,302,9,'2024-07-17 00:37:08','2024-07-17 00:37:08'),(563,302,29,'2024-07-17 00:37:08','2024-07-17 00:37:08'),(564,303,9,'2024-07-17 00:37:08','2024-07-17 00:37:08'),(565,303,30,'2024-07-17 00:37:08','2024-07-17 00:37:08'),(566,304,9,'2024-07-17 00:37:08','2024-07-17 00:37:08'),(567,304,31,'2024-07-17 00:37:08','2024-07-17 00:37:08'),(568,305,12,'2024-07-17 00:37:08','2024-07-17 00:37:08'),(569,305,29,'2024-07-17 00:37:08','2024-07-17 00:37:08'),(570,306,12,'2024-07-17 00:37:08','2024-07-17 00:37:08'),(571,306,30,'2024-07-17 00:37:08','2024-07-17 00:37:08'),(572,307,12,'2024-07-17 00:37:08','2024-07-17 00:37:08'),(573,307,31,'2024-07-17 00:37:08','2024-07-17 00:37:08'),(574,308,23,'2024-07-17 00:42:41','2024-07-17 00:42:41'),(575,309,24,'2024-07-17 00:42:41','2024-07-17 00:42:41'),(576,310,41,'2024-07-17 00:42:41','2024-07-17 00:42:41'),(577,311,23,'2024-07-17 00:44:49','2024-07-17 00:44:49'),(578,312,24,'2024-07-17 00:44:49','2024-07-17 00:44:49'),(579,313,41,'2024-07-17 00:44:49','2024-07-17 00:44:49'),(580,314,23,'2024-07-17 00:46:49','2024-07-17 00:46:49'),(581,315,24,'2024-07-17 00:46:49','2024-07-17 00:46:49'),(582,316,41,'2024-07-17 00:46:49','2024-07-17 00:46:49'),(583,317,23,'2024-07-17 00:52:53','2024-07-17 00:52:53'),(584,318,24,'2024-07-17 00:52:53','2024-07-17 00:52:53'),(585,319,41,'2024-07-17 00:52:53','2024-07-17 00:52:53'),(586,320,23,'2024-07-17 00:54:57','2024-07-17 00:54:57'),(587,321,24,'2024-07-17 00:54:57','2024-07-17 00:54:57'),(588,322,41,'2024-07-17 00:54:57','2024-07-17 00:54:57'),(589,323,23,'2024-07-17 00:56:55','2024-07-17 00:56:55'),(590,324,24,'2024-07-17 00:56:55','2024-07-17 00:56:55'),(591,325,41,'2024-07-17 00:56:55','2024-07-17 00:56:55'),(592,326,23,'2024-07-17 01:00:15','2024-07-17 01:00:15'),(593,327,24,'2024-07-17 01:00:15','2024-07-17 01:00:15'),(594,328,41,'2024-07-17 01:00:15','2024-07-17 01:00:15'),(595,329,23,'2024-07-17 01:02:58','2024-07-17 01:02:58'),(596,330,24,'2024-07-17 01:02:58','2024-07-17 01:02:58'),(597,331,41,'2024-07-17 01:02:58','2024-07-17 01:02:58'),(598,332,23,'2024-07-17 01:09:41','2024-07-17 01:09:41'),(599,333,24,'2024-07-17 01:09:41','2024-07-17 01:09:41'),(600,334,41,'2024-07-17 01:09:41','2024-07-17 01:09:41'),(601,335,23,'2024-07-17 01:12:09','2024-07-17 01:12:09'),(602,336,24,'2024-07-17 01:12:09','2024-07-17 01:12:09'),(603,337,41,'2024-07-17 01:12:09','2024-07-17 01:12:09'),(604,338,23,'2024-07-17 01:15:20','2024-07-17 01:15:20'),(605,339,24,'2024-07-17 01:15:20','2024-07-17 01:15:20'),(606,340,41,'2024-07-17 01:15:20','2024-07-17 01:15:20'),(607,341,23,'2024-07-17 01:29:02','2024-07-17 01:29:02'),(608,342,24,'2024-07-17 01:29:02','2024-07-17 01:29:02'),(609,343,41,'2024-07-17 01:29:02','2024-07-17 01:29:02'),(610,344,23,'2024-07-17 01:49:32','2024-07-17 01:49:32'),(611,345,24,'2024-07-17 01:49:32','2024-07-17 01:49:32'),(612,346,41,'2024-07-17 01:49:32','2024-07-17 01:49:32'),(613,347,23,'2024-07-17 01:50:29','2024-07-17 01:50:29'),(614,348,24,'2024-07-17 01:50:29','2024-07-17 01:50:29'),(615,349,41,'2024-07-17 01:50:29','2024-07-17 01:50:29'),(616,350,23,'2024-07-17 01:51:23','2024-07-17 01:51:23'),(617,351,24,'2024-07-17 01:51:23','2024-07-17 01:51:23'),(618,352,41,'2024-07-17 01:51:23','2024-07-17 01:51:23'),(619,353,23,'2024-07-17 01:57:35','2024-07-17 01:57:35'),(620,354,24,'2024-07-17 01:57:35','2024-07-17 01:57:35'),(621,355,41,'2024-07-17 01:57:35','2024-07-17 01:57:35'),(622,356,23,'2024-07-17 01:58:36','2024-07-17 01:58:36'),(623,357,24,'2024-07-17 01:58:36','2024-07-17 01:58:36'),(624,358,41,'2024-07-17 01:58:36','2024-07-17 01:58:36'),(625,359,23,'2024-07-17 01:59:41','2024-07-17 01:59:41'),(626,360,24,'2024-07-17 01:59:41','2024-07-17 01:59:41'),(627,361,41,'2024-07-17 01:59:41','2024-07-17 01:59:41'),(628,362,23,'2024-07-17 02:00:37','2024-07-17 02:00:37'),(629,363,24,'2024-07-17 02:00:37','2024-07-17 02:00:37'),(630,364,41,'2024-07-17 02:00:37','2024-07-17 02:00:37'),(631,365,23,'2024-07-17 02:01:24','2024-07-17 02:01:24'),(632,366,24,'2024-07-17 02:01:24','2024-07-17 02:01:24'),(633,367,41,'2024-07-17 02:01:24','2024-07-17 02:01:24'),(634,376,12,'2024-07-17 02:38:02','2024-07-17 02:38:02'),(635,376,17,'2024-07-17 02:38:02','2024-07-17 02:38:02'),(636,377,12,'2024-07-17 02:38:02','2024-07-17 02:38:02'),(637,377,18,'2024-07-17 02:38:02','2024-07-17 02:38:02'),(638,378,12,'2024-07-17 02:38:02','2024-07-17 02:38:02'),(639,378,19,'2024-07-17 02:38:02','2024-07-17 02:38:02'),(640,379,13,'2024-07-17 02:38:02','2024-07-17 02:38:02'),(641,379,17,'2024-07-17 02:38:02','2024-07-17 02:38:02'),(642,380,13,'2024-07-17 02:38:02','2024-07-17 02:38:02'),(643,380,18,'2024-07-17 02:38:02','2024-07-17 02:38:02'),(644,381,13,'2024-07-17 02:38:02','2024-07-17 02:38:02'),(645,381,19,'2024-07-17 02:38:02','2024-07-17 02:38:02'),(646,382,12,'2024-07-17 02:44:07','2024-07-17 02:44:07'),(647,382,17,'2024-07-17 02:44:07','2024-07-17 02:44:07'),(648,383,12,'2024-07-17 02:44:07','2024-07-17 02:44:07'),(649,383,18,'2024-07-17 02:44:07','2024-07-17 02:44:07'),(650,384,12,'2024-07-17 02:44:07','2024-07-17 02:44:07'),(651,384,19,'2024-07-17 02:44:07','2024-07-17 02:44:07'),(652,385,13,'2024-07-17 02:44:07','2024-07-17 02:44:07'),(653,385,17,'2024-07-17 02:44:07','2024-07-17 02:44:07'),(654,386,13,'2024-07-17 02:44:07','2024-07-17 02:44:07'),(655,386,18,'2024-07-17 02:44:07','2024-07-17 02:44:07'),(656,387,13,'2024-07-17 02:44:07','2024-07-17 02:44:07'),(657,387,19,'2024-07-17 02:44:07','2024-07-17 02:44:07'),(658,388,17,'2024-07-17 02:50:10','2024-07-17 02:50:10'),(659,389,18,'2024-07-17 02:50:10','2024-07-17 02:50:10'),(660,390,19,'2024-07-17 02:50:10','2024-07-17 02:50:10'),(661,391,17,'2024-07-17 02:58:51','2024-07-17 02:58:51'),(662,392,18,'2024-07-17 02:58:51','2024-07-17 02:58:51'),(663,393,19,'2024-07-17 02:58:51','2024-07-17 02:58:51'),(664,394,17,'2024-07-17 03:08:39','2024-07-17 03:08:39'),(665,395,18,'2024-07-17 03:08:39','2024-07-17 03:08:39'),(666,396,19,'2024-07-17 03:08:39','2024-07-17 03:08:39'),(667,397,17,'2024-07-17 03:09:30','2024-07-17 03:09:30'),(668,398,18,'2024-07-17 03:09:30','2024-07-17 03:09:30'),(669,399,19,'2024-07-17 03:09:30','2024-07-17 03:09:30'),(670,400,17,'2024-07-17 03:11:24','2024-07-17 03:11:24'),(671,401,18,'2024-07-17 03:11:24','2024-07-17 03:11:24'),(672,402,19,'2024-07-17 03:11:24','2024-07-17 03:11:24'),(673,403,17,'2024-07-17 03:14:24','2024-07-17 03:14:24'),(674,404,18,'2024-07-17 03:14:24','2024-07-17 03:14:24'),(675,405,19,'2024-07-17 03:14:24','2024-07-17 03:14:24'),(676,406,17,'2024-07-17 03:18:27','2024-07-17 03:18:27'),(677,407,18,'2024-07-17 03:18:27','2024-07-17 03:18:27'),(678,408,19,'2024-07-17 03:18:27','2024-07-17 03:18:27'),(679,409,17,'2024-07-17 03:20:58','2024-07-17 03:20:58'),(680,410,18,'2024-07-17 03:20:58','2024-07-17 03:20:58'),(681,411,19,'2024-07-17 03:20:58','2024-07-17 03:20:58');
/*!40000 ALTER TABLE `sub_variants` ENABLE KEYS */;
UNLOCK TABLES;

--
-- Table structure for table `users`
--

DROP TABLE IF EXISTS `users`;
/*!40101 SET @saved_cs_client     = @@character_set_client */;
/*!50503 SET character_set_client = utf8mb4 */;
CREATE TABLE `users` (
  `id` bigint unsigned NOT NULL AUTO_INCREMENT,
  `name` varchar(255) CHARACTER SET utf8mb4 COLLATE utf8mb4_unicode_ci NOT NULL,
  `fullname` varchar(255) CHARACTER SET utf8mb4 COLLATE utf8mb4_unicode_ci DEFAULT NULL,
  `email` varchar(255) CHARACTER SET utf8mb4 COLLATE utf8mb4_unicode_ci NOT NULL,
  `avatar` varchar(255) CHARACTER SET utf8mb4 COLLATE utf8mb4_unicode_ci DEFAULT NULL,
  `email_verified_at` timestamp NULL DEFAULT NULL,
  `role` varchar(255) CHARACTER SET utf8mb4 COLLATE utf8mb4_unicode_ci NOT NULL DEFAULT 'customer',
  `phone` varchar(255) CHARACTER SET utf8mb4 COLLATE utf8mb4_unicode_ci DEFAULT NULL,
  `address` varchar(255) CHARACTER SET utf8mb4 COLLATE utf8mb4_unicode_ci DEFAULT NULL,
  `street` varchar(255) CHARACTER SET utf8mb4 COLLATE utf8mb4_unicode_ci DEFAULT NULL,
  `city` varchar(255) CHARACTER SET utf8mb4 COLLATE utf8mb4_unicode_ci DEFAULT NULL,
  `password` varchar(255) CHARACTER SET utf8mb4 COLLATE utf8mb4_unicode_ci NOT NULL,
  `remember_token` varchar(100) CHARACTER SET utf8mb4 COLLATE utf8mb4_unicode_ci DEFAULT NULL,
  `status` varchar(255) CHARACTER SET utf8mb4 COLLATE utf8mb4_unicode_ci NOT NULL DEFAULT 'inactive',
  `otp` varchar(255) CHARACTER SET utf8mb4 COLLATE utf8mb4_unicode_ci DEFAULT NULL,
  `created_at` timestamp NULL DEFAULT NULL,
  `updated_at` timestamp NULL DEFAULT NULL,
  PRIMARY KEY (`id`),
  UNIQUE KEY `users_email_unique` (`email`)
) ENGINE=InnoDB AUTO_INCREMENT=3 DEFAULT CHARSET=utf8mb4 COLLATE=utf8mb4_unicode_ci;
/*!40101 SET character_set_client = @saved_cs_client */;

--
-- Dumping data for table `users`
--

LOCK TABLES `users` WRITE;
/*!40000 ALTER TABLE `users` DISABLE KEYS */;
INSERT INTO `users` VALUES (1,'qaun',NULL,'qunnguyn956@gmail.com',NULL,NULL,'admin',NULL,NULL,NULL,NULL,'$2y$12$ZAV83ZoeRlggi.5f90EtnuNw8VMmVxaXjKeUKbATId2z3LJ3vAc1.',NULL,'active','5bDYT8','2024-07-15 21:00:30','2024-07-15 21:00:54'),(2,'minh','Do Dung Quang Minh','sktt1faker2005@gmail.com',NULL,NULL,'admin','0924600804','626','Doi Can','Ha Noi','$2y$12$mp78f48qEI5aWDQQHhkFG..NCOwYK.lVji4w5b5/sgViAjQxup2TO',NULL,'active','6ZB1bV','2024-07-17 08:30:20','2024-07-17 12:06:34');
/*!40000 ALTER TABLE `users` ENABLE KEYS */;
UNLOCK TABLES;

--
-- Table structure for table `variant_options`
--

DROP TABLE IF EXISTS `variant_options`;
/*!40101 SET @saved_cs_client     = @@character_set_client */;
/*!50503 SET character_set_client = utf8mb4 */;
CREATE TABLE `variant_options` (
  `id` bigint unsigned NOT NULL AUTO_INCREMENT,
  `name` varchar(255) CHARACTER SET utf8mb4 COLLATE utf8mb4_unicode_ci NOT NULL,
  `variant_id` bigint unsigned NOT NULL,
  `created_at` timestamp NULL DEFAULT NULL,
  `updated_at` timestamp NULL DEFAULT NULL,
  PRIMARY KEY (`id`),
  KEY `variant_options_variant_id_foreign` (`variant_id`),
  CONSTRAINT `variant_options_variant_id_foreign` FOREIGN KEY (`variant_id`) REFERENCES `variants` (`id`) ON DELETE CASCADE
) ENGINE=InnoDB AUTO_INCREMENT=42 DEFAULT CHARSET=utf8mb4 COLLATE=utf8mb4_unicode_ci;
/*!40101 SET character_set_client = @saved_cs_client */;

--
-- Dumping data for table `variant_options`
--

LOCK TABLES `variant_options` WRITE;
/*!40000 ALTER TABLE `variant_options` DISABLE KEYS */;
INSERT INTO `variant_options` VALUES (1,'Small',1,'2024-07-12 08:27:16','2024-07-12 08:27:16'),(2,'Medium',1,'2024-07-12 08:27:16','2024-07-12 08:27:16'),(3,'Large',1,'2024-07-12 08:27:16','2024-07-12 08:27:16'),(4,'Plastic',2,'2024-07-12 08:27:22','2024-07-12 08:27:22'),(5,'Ceramic',2,'2024-07-12 08:27:22','2024-07-12 08:27:22'),(6,'Steel',2,'2024-07-12 08:27:22','2024-07-12 08:27:22'),(7,'Wood',2,'2024-07-12 08:27:22','2024-07-12 08:27:22'),(8,'Aluminum',2,'2024-07-12 08:27:22','2024-07-12 08:27:22'),(9,'Red',3,'2024-07-12 08:27:26','2024-07-12 08:27:26'),(10,'Blue',3,'2024-07-12 08:27:26','2024-07-12 08:27:26'),(11,'Green',3,'2024-07-12 08:27:26','2024-07-12 08:27:26'),(12,'White',3,'2024-07-12 08:27:26','2024-07-12 08:27:26'),(13,'Black',3,'2024-07-12 08:27:26','2024-07-12 08:27:26'),(14,'Paperback',4,'2024-07-12 08:27:29','2024-07-12 08:27:29'),(15,'Hardcover',4,'2024-07-12 08:27:29','2024-07-12 08:27:29'),(16,'eBook',4,'2024-07-12 08:27:29','2024-07-12 08:27:29'),(17,'2 pounds',5,'2024-07-12 08:27:31','2024-07-12 08:27:31'),(18,'5 pounds',5,'2024-07-12 08:27:31','2024-07-12 08:27:31'),(19,'10 pounds',5,'2024-07-12 08:27:31','2024-07-12 08:27:31'),(20,'For Vegetables',6,'2024-07-12 08:27:35','2024-07-12 08:27:35'),(21,'For Flowers',6,'2024-07-12 08:27:35','2024-07-12 08:27:35'),(22,'For Trees',6,'2024-07-12 08:27:35','2024-07-12 08:27:35'),(23,'100ml',7,'2024-07-12 08:27:38','2024-07-12 08:27:38'),(24,'500ml',7,'2024-07-12 08:27:38','2024-07-12 08:27:38'),(25,'1L',7,'2024-07-12 08:27:38','2024-07-12 08:27:38'),(26,'Insects',8,'2024-07-12 08:27:41','2024-07-12 08:27:41'),(27,'Fungi',8,'2024-07-12 08:27:41','2024-07-12 08:27:41'),(28,'Weeds',8,'2024-07-12 08:27:41','2024-07-12 08:27:41'),(29,'10 seeds',9,'2024-07-12 08:27:44','2024-07-12 08:27:44'),(30,'50 seeds',9,'2024-07-12 08:27:44','2024-07-12 08:27:44'),(31,'100 seeds',9,'2024-07-12 08:27:44','2024-07-12 08:27:44'),(32,'Clay',2,'2024-07-14 10:45:47','2024-07-14 10:45:47'),(33,'Gold',2,'2024-07-16 20:22:25','2024-07-16 20:22:25'),(34,'Silver',2,'2024-07-16 20:27:58','2024-07-16 20:27:58'),(35,'Concrete',2,'2024-07-16 20:33:01','2024-07-16 20:33:01'),(36,'Resin',2,'2024-07-16 20:35:49','2024-07-16 20:35:49'),(37,'Seaweed',2,'2024-07-16 20:39:14','2024-07-16 20:39:14'),(38,'Polypropylene',2,'2024-07-16 20:42:07','2024-07-16 20:42:07'),(39,'Yellow',3,'2024-07-17 00:25:11','2024-07-17 00:25:11'),(40,'Orange',3,'2024-07-17 00:31:34','2024-07-17 00:31:34'),(41,'1000ml',7,'2024-07-17 00:42:41','2024-07-17 00:42:41');
/*!40000 ALTER TABLE `variant_options` ENABLE KEYS */;
UNLOCK TABLES;

--
-- Table structure for table `variants`
--

DROP TABLE IF EXISTS `variants`;
/*!40101 SET @saved_cs_client     = @@character_set_client */;
/*!50503 SET character_set_client = utf8mb4 */;
CREATE TABLE `variants` (
  `id` bigint unsigned NOT NULL AUTO_INCREMENT,
  `name` varchar(255) CHARACTER SET utf8mb4 COLLATE utf8mb4_unicode_ci NOT NULL,
  `created_at` timestamp NULL DEFAULT NULL,
  `updated_at` timestamp NULL DEFAULT NULL,
  PRIMARY KEY (`id`)
) ENGINE=InnoDB AUTO_INCREMENT=10 DEFAULT CHARSET=utf8mb4 COLLATE=utf8mb4_unicode_ci;
/*!40101 SET character_set_client = @saved_cs_client */;

--
-- Dumping data for table `variants`
--

LOCK TABLES `variants` WRITE;
/*!40000 ALTER TABLE `variants` DISABLE KEYS */;
INSERT INTO `variants` VALUES (1,'Size','2024-07-11 08:18:05','2024-07-11 08:18:05'),(2,'Material','2024-07-11 08:18:05','2024-07-11 08:18:05'),(3,'Color','2024-07-11 08:18:05','2024-07-11 08:18:05'),(4,'Format','2024-07-11 08:18:05','2024-07-11 08:18:05'),(5,'Weight','2024-07-11 08:18:05','2024-07-11 08:18:05'),(6,'Usage','2024-07-11 08:18:05','2024-07-11 08:18:05'),(7,'Volume','2024-07-11 08:18:05','2024-07-11 08:18:05'),(8,'Target Pest','2024-07-11 08:18:05','2024-07-11 08:18:05'),(9,'Quantity','2024-07-11 08:18:05','2024-07-11 08:18:05');
/*!40000 ALTER TABLE `variants` ENABLE KEYS */;
UNLOCK TABLES;

--
-- Table structure for table `videos`
--

DROP TABLE IF EXISTS `videos`;
/*!40101 SET @saved_cs_client     = @@character_set_client */;
/*!50503 SET character_set_client = utf8mb4 */;
CREATE TABLE `videos` (
  `id` bigint unsigned NOT NULL AUTO_INCREMENT,
  `title` varchar(255) CHARACTER SET utf8mb4 COLLATE utf8mb4_unicode_ci DEFAULT NULL,
  `description` varchar(255) CHARACTER SET utf8mb4 COLLATE utf8mb4_unicode_ci DEFAULT NULL,
  `path` varchar(255) CHARACTER SET utf8mb4 COLLATE utf8mb4_unicode_ci NOT NULL,
  `type` varchar(255) CHARACTER SET utf8mb4 COLLATE utf8mb4_unicode_ci NOT NULL,
  `created_at` timestamp NULL DEFAULT NULL,
  `updated_at` timestamp NULL DEFAULT NULL,
  PRIMARY KEY (`id`)
) ENGINE=InnoDB DEFAULT CHARSET=utf8mb4 COLLATE=utf8mb4_unicode_ci;
/*!40101 SET character_set_client = @saved_cs_client */;

--
-- Dumping data for table `videos`
--

LOCK TABLES `videos` WRITE;
/*!40000 ALTER TABLE `videos` DISABLE KEYS */;
/*!40000 ALTER TABLE `videos` ENABLE KEYS */;
UNLOCK TABLES;

--
-- Dumping routines for database 'greengroves'
--
/*!40103 SET TIME_ZONE=@OLD_TIME_ZONE */;

/*!40101 SET SQL_MODE=@OLD_SQL_MODE */;
/*!40014 SET FOREIGN_KEY_CHECKS=@OLD_FOREIGN_KEY_CHECKS */;
/*!40014 SET UNIQUE_CHECKS=@OLD_UNIQUE_CHECKS */;
/*!40101 SET CHARACTER_SET_CLIENT=@OLD_CHARACTER_SET_CLIENT */;
/*!40101 SET CHARACTER_SET_RESULTS=@OLD_CHARACTER_SET_RESULTS */;
/*!40101 SET COLLATION_CONNECTION=@OLD_COLLATION_CONNECTION */;
/*!40111 SET SQL_NOTES=@OLD_SQL_NOTES */;

-- Dump completed on 2024-07-18  8:37:58
